id,status,notification,division_id,sportshall_id,planned_at,planned_orig_at,season_id,delayed_request,delayed_status,delayed_prop_at,delayed_prop_count,team1_id,team2_id,score1,score2,score3,score4,forfeit,forfeit_at,created_at,updated_at
94463,3,1,768,334,2024-09-16 22:00:00,,2024,0,0,,0,1387,893,6,3,0,0,0,,2024-08-17 09:46:23,2024-11-05 22:42:01
94464,3,1,768,319,2024-09-17 22:00:00,,2024,0,0,,0,1589,894,5,4,0,0,0,,2024-08-17 09:46:23,2024-10-10 16:49:25
94465,3,1,768,334,2024-09-18 20:00:00,,2024,0,0,,0,1374,2163,5,8,0,0,0,,2024-08-17 09:46:23,2024-09-18 22:38:33
94466,3,1,768,319,2024-09-19 20:00:00,,2024,0,0,,0,671,1791,9,5,0,0,0,,2024-08-17 09:46:23,2024-09-22 17:18:45
94467,0,0,768,319,2024-12-06 21:00:00,2024-09-20 19:00:00,2024,0,0,,0,1654,893,0,0,0,0,0,,2024-08-17 09:46:23,2024-11-22 14:15:49
94468,3,1,768,595,2024-09-23 22:00:00,,2024,0,0,,0,2163,2043,10,5,0,0,0,,2024-08-17 09:46:23,2024-09-24 07:53:24
94469,3,1,768,319,2024-09-24 22:00:00,,2024,0,0,,0,962,2040,3,1,0,0,0,,2024-08-17 09:46:23,2024-09-30 12:07:06
94470,3,1,768,319,2024-09-27 19:00:00,,2024,0,0,,0,894,1654,6,8,0,0,0,,2024-08-17 09:46:23,2024-10-10 16:51:42
94471,3,1,768,595,2024-09-30 22:00:00,,2024,0,0,,0,2163,671,11,3,0,0,0,,2024-08-17 09:46:23,2024-09-30 23:39:01
94472,3,1,768,334,2024-09-30 22:00:00,,2024,0,0,,0,1387,1589,5,2,0,0,0,,2024-08-17 09:46:23,2024-10-08 16:04:04
94473,3,1,768,334,2024-10-01 22:00:00,,2024,0,0,,0,893,2040,5,3,0,0,0,,2024-08-17 09:46:23,2024-11-05 22:55:24
94474,3,1,768,334,2024-10-02 20:00:00,,2024,0,0,,0,1374,962,4,8,0,0,0,,2024-08-17 09:46:23,2024-10-06 16:22:13
94475,0,1,768,646,2024-10-04 19:00:00,,2024,0,0,,0,1654,1791,0,0,0,0,0,,2024-08-17 09:46:23,2024-10-04 19:00:27
94477,3,1,768,319,2024-10-08 22:00:00,,2024,0,0,,0,962,671,4,4,0,0,0,,2024-08-17 09:46:23,2024-10-09 10:38:58
94478,3,1,768,314,2024-10-09 22:00:00,,2024,0,0,,0,2040,1374,3,4,0,0,0,,2024-08-17 09:46:23,2024-10-10 14:42:26
94479,3,1,768,319,2024-10-11 19:00:00,,2024,0,0,,0,894,2163,6,4,0,0,0,,2024-08-17 09:46:23,2024-10-13 19:50:56
94480,3,1,768,334,2024-10-14 22:00:00,,2024,0,0,,0,1387,2040,4,8,0,0,0,,2024-08-17 09:46:23,2024-10-15 11:35:39
94481,3,1,768,319,2024-10-15 22:00:00,,2024,0,0,,0,1589,1654,4,5,0,0,0,,2024-08-17 09:46:23,2024-10-17 14:04:05
94483,3,1,768,334,2024-10-16 20:00:00,,2024,0,0,,0,1374,2043,4,12,0,0,0,,2024-08-17 09:46:23,2024-10-16 21:15:12
94484,3,1,768,319,2024-10-17 20:00:00,,2024,0,0,,0,671,894,2,1,0,0,0,,2024-08-17 09:46:23,2024-10-18 22:03:56
94485,3,1,768,595,2024-10-21 22:00:00,,2024,0,0,,0,2163,1387,9,3,0,0,0,,2024-08-17 09:46:23,2024-10-23 07:44:07
94486,3,1,768,319,2024-10-22 22:00:00,,2024,0,0,,0,962,1589,4,0,0,0,0,,2024-08-17 09:46:23,2024-11-05 11:16:49
94487,3,1,768,314,2024-10-23 22:00:00,,2024,0,0,,0,2040,1791,15,1,0,0,0,,2024-08-17 09:46:23,2024-10-25 22:22:48
94488,3,1,768,646,2024-10-25 19:00:00,,2024,0,0,,0,1654,1374,7,3,0,0,0,,2024-08-17 09:46:23,2024-10-26 19:03:43
94489,3,1,768,334,2024-10-28 22:00:00,,2024,0,0,,0,1387,894,4,2,0,0,0,,2024-08-17 09:46:23,2024-10-31 10:41:07
94490,3,1,768,319,2024-10-29 22:00:00,,2024,0,0,,0,1589,2163,0,12,0,0,0,,2024-08-17 09:46:23,2024-11-05 11:17:22
94491,3,1,768,334,2024-10-29 22:00:00,,2024,0,0,,0,893,2043,9,2,0,0,0,,2024-08-17 09:46:23,2024-11-06 09:09:52
94492,0,0,768,339,2025-01-20 21:00:00,2024-10-31 20:00:00,2024,0,0,,0,671,1374,0,0,0,0,0,,2024-08-17 09:46:23,2024-11-11 16:09:17
94493,3,1,768,759,2024-11-03 17:00:00,,2024,0,0,,0,1791,1387,4,4,0,0,0,,2024-08-17 09:46:23,2024-11-04 23:40:54
94494,3,1,768,319,2024-11-05 22:00:00,,2024,0,0,,0,962,893,3,2,0,0,0,,2024-08-17 09:46:23,2024-11-13 11:28:08
94495,3,1,768,314,2024-11-06 22:00:00,,2024,0,0,,0,2040,1654,4,3,0,0,0,,2024-08-17 09:46:23,2024-11-16 15:21:59
94496,3,1,768,319,2024-11-08 19:00:00,,2024,0,0,,0,894,2043,10,2,0,0,0,,2024-08-17 09:46:23,2024-11-23 19:58:19
94497,3,1,768,334,2024-11-12 22:00:00,,2024,0,0,,0,893,1387,11,7,0,0,0,,2024-08-17 09:46:23,2024-11-13 22:25:40
94498,3,1,768,319,2024-11-12 22:00:00,,2024,0,0,,0,1589,2040,6,1,0,0,0,,2024-08-17 09:46:23,2024-11-14 11:09:51
94499,3,1,768,334,2024-11-13 20:00:00,,2024,0,0,,0,1374,1791,10,5,0,0,0,,2024-08-17 09:46:23,2024-11-16 15:10:24
94500,3,1,768,646,2024-11-15 19:00:00,,2024,0,0,,0,1654,894,8,4,0,0,0,,2024-08-17 09:46:23,2024-11-16 09:48:59
94501,0,0,768,319,2025-01-14 19:00:00,2024-11-16 20:00:00,2024,0,0,,0,2043,671,0,0,0,0,0,,2024-08-17 09:46:23,2024-10-16 17:00:27
94502,3,1,768,595,2024-11-18 22:00:00,,2024,0,0,,0,2163,1589,5,6,0,0,0,,2024-08-17 09:46:23,2024-11-19 16:58:45
94503,3,1,768,319,2024-11-19 22:00:00,,2024,0,0,,0,962,1791,16,1,0,0,0,,2024-08-17 09:46:23,2024-11-20 15:23:37
94504,3,1,768,314,2024-11-20 22:00:00,,2024,0,0,,0,2040,893,9,3,0,0,0,,2024-08-17 09:46:23,2024-11-23 13:46:53
94505,2,1,768,595,2024-11-23 20:00:00,,2024,0,0,,0,2043,1374,7,8,0,0,0,,2024-08-17 09:46:23,2024-11-23 22:05:19
94506,1,1,768,334,2024-11-25 22:00:00,,2024,0,0,,0,1387,1791,10,5,0,0,0,,2024-08-17 09:46:23,2024-11-25 23:57:23
94507,0,0,768,595,2024-12-02 22:00:00,2024-11-25 22:00:00,2024,0,0,,0,2163,894,0,0,0,0,0,,2024-08-17 09:46:23,2024-11-19 13:15:04
94508,0,1,768,319,2024-11-26 22:00:00,,2024,0,0,,0,1589,893,0,0,0,0,0,,2024-08-17 09:46:23,2024-11-26 22:00:24
94509,0,0,768,319,2024-11-28 20:00:00,,2024,0,0,,0,671,962,0,0,0,0,0,,2024-08-17 09:46:23,2024-08-17 09:46:23
94510,0,0,768,646,2024-11-29 19:00:00,,2024,0,0,,0,1654,2040,0,0,0,0,0,,2024-08-17 09:46:23,2024-08-17 09:46:23
94511,0,0,768,314,2024-12-04 22:00:00,,2024,0,0,,0,2040,2043,0,0,0,0,0,,2024-08-17 09:46:23,2024-08-17 09:46:23
94512,0,0,768,319,2024-12-06 19:00:00,,2024,0,0,,0,894,1791,0,0,0,0,0,,2024-08-17 09:46:23,2024-08-17 09:46:23
94513,0,0,768,595,2024-12-09 22:00:00,,2024,0,0,,0,2163,962,0,0,0,0,0,,2024-08-17 09:46:23,2024-08-17 09:46:23
94514,0,0,768,334,2024-12-09 22:00:00,,2024,0,0,,0,1387,1654,0,0,0,0,0,,2024-08-17 09:46:23,2024-08-17 09:46:23
94515,0,0,768,334,2024-12-10 22:00:00,,2024,0,0,,0,893,671,0,0,0,0,0,,2024-08-17 09:46:23,2024-08-17 09:46:23
94516,0,0,768,334,2024-12-11 20:00:00,,2024,0,0,,0,1374,1589,0,0,0,0,0,,2024-08-17 09:46:23,2024-08-17 09:46:23
94517,0,0,768,595,2024-12-14 20:00:00,,2024,0,0,,0,2043,1654,0,0,0,0,0,,2024-08-17 09:46:23,2024-08-17 09:46:23
94519,0,0,768,595,2024-12-16 22:00:00,,2024,0,0,,0,2163,893,0,0,0,0,0,,2024-08-17 09:46:23,2024-08-17 09:46:23
94520,0,0,768,319,2024-12-17 22:00:00,,2024,0,0,,0,962,1387,0,0,0,0,0,,2024-08-17 09:46:23,2024-08-17 09:46:23
94521,0,0,768,319,2024-12-20 19:00:00,,2024,0,0,,0,894,2040,0,0,0,0,0,,2024-08-17 09:46:23,2024-08-17 09:46:23
94522,0,0,768,595,2024-12-21 20:00:00,,2024,0,0,,0,2043,1589,0,0,0,0,0,,2024-08-17 09:46:23,2024-08-17 09:46:23
94523,0,0,768,319,2024-12-26 20:00:00,,2024,0,0,,0,671,2163,0,0,0,0,0,,2024-08-17 09:46:23,2024-08-17 09:46:23
94524,0,0,768,759,2024-12-29 17:00:00,,2024,0,0,,0,1791,1374,0,0,0,0,0,,2024-08-17 09:46:23,2024-08-17 09:46:23
94525,0,0,768,319,2025-01-03 19:00:00,,2024,0,0,,0,894,962,0,0,0,0,0,,2024-08-17 09:46:23,2024-08-17 09:46:23
94526,0,0,768,595,2025-01-04 20:00:00,,2024,0,0,,0,2043,2163,0,0,0,0,0,,2024-08-17 09:46:23,2024-08-17 09:46:23
94527,0,0,768,334,2025-01-07 22:00:00,,2024,0,0,,0,893,1654,0,0,0,0,0,,2024-08-17 09:46:23,2024-08-17 09:46:23
94528,0,0,768,319,2025-01-07 22:00:00,,2024,0,0,,0,1589,1387,0,0,0,0,0,,2024-08-17 09:46:23,2024-08-17 09:46:23
94529,0,0,768,334,2025-01-08 20:00:00,,2024,0,0,,0,1374,671,0,0,0,0,0,,2024-08-17 09:46:24,2024-08-17 09:46:24
94530,0,0,768,595,2025-01-11 20:00:00,,2024,0,0,,0,2043,1791,0,0,0,0,0,,2024-08-17 09:46:24,2024-08-17 09:46:24
94531,0,0,768,319,2025-01-14 22:00:00,,2024,0,0,,0,962,894,0,0,0,0,0,,2024-08-17 09:46:24,2024-08-17 09:46:24
94532,0,0,768,646,2025-01-17 19:00:00,,2024,0,0,,0,1654,2043,0,0,0,0,0,,2024-08-17 09:46:24,2024-08-17 09:46:24
94533,0,0,768,759,2025-01-19 17:00:00,,2024,0,0,,0,1791,893,0,0,0,0,0,,2024-08-17 09:46:24,2024-08-17 09:46:24
94534,0,0,768,334,2025-01-20 22:00:00,,2024,0,0,,0,1387,2163,0,0,0,0,0,,2024-08-17 09:46:24,2024-08-17 09:46:24
94535,0,0,768,319,2025-01-21 22:00:00,,2024,0,0,,0,1589,962,0,0,0,0,0,,2024-08-17 09:46:24,2024-08-17 09:46:24
94536,0,1,768,334,2024-11-27 20:00:00,2025-01-22 20:00:00,2024,0,0,,0,1374,894,0,0,0,0,0,,2024-08-17 09:46:24,2024-11-27 20:00:23
94537,0,0,768,319,2025-01-23 20:00:00,,2024,0,0,,0,671,1654,0,0,0,0,0,,2024-08-17 09:46:24,2024-08-17 09:46:24
94538,0,0,768,595,2025-01-25 20:00:00,,2024,0,0,,0,2043,893,0,0,0,0,0,,2024-08-17 09:46:24,2024-08-17 09:46:24
94539,0,0,768,787,2025-01-31 21:00:00,2025-01-28 22:00:00,2024,0,0,,0,962,1374,0,0,0,0,0,,2024-08-17 09:46:24,2024-11-21 13:38:12
94540,0,0,768,314,2025-01-29 22:00:00,,2024,0,0,,0,2040,2163,0,0,0,0,0,,2024-08-17 09:46:24,2024-08-17 09:46:24
94541,0,0,768,646,2025-01-30 19:00:00,,2024,0,0,,0,1654,1387,0,0,0,0,0,,2024-08-17 09:46:24,2024-08-17 09:46:24
94542,0,0,768,319,2025-01-31 19:00:00,,2024,0,0,,0,894,893,0,0,0,0,0,,2024-08-17 09:46:24,2024-08-17 09:46:24
94543,0,0,768,759,2025-02-02 17:00:00,,2024,0,0,,0,1791,2043,0,0,0,0,0,,2024-08-17 09:46:24,2024-08-17 09:46:24
94544,0,0,768,334,2025-02-04 22:00:00,,2024,0,0,,0,893,1589,0,0,0,0,0,,2024-08-17 09:46:24,2024-08-17 09:46:24
94545,0,0,768,334,2025-05-14 20:00:00,2025-02-05 20:00:00,2024,0,0,,0,1374,1654,0,0,0,0,0,,2024-08-17 09:46:24,2024-09-03 10:00:15
94546,0,0,768,319,2025-02-06 20:00:00,,2024,0,0,,0,671,1387,0,0,0,0,0,,2024-08-17 09:46:24,2024-08-17 09:46:24
94547,0,0,768,595,2025-02-08 20:00:00,,2024,0,0,,0,2043,894,0,0,0,0,0,,2024-08-17 09:46:24,2024-08-17 09:46:24
94548,0,0,768,595,2025-02-10 22:00:00,,2024,0,0,,0,2163,1791,0,0,0,0,0,,2024-08-17 09:46:24,2024-08-17 09:46:24
94549,0,0,768,314,2025-02-12 22:00:00,,2024,0,0,,0,2040,962,0,0,0,0,0,,2024-08-17 09:46:24,2024-08-17 09:46:24
94550,0,0,768,319,2025-02-14 19:00:00,,2024,0,0,,0,894,1374,0,0,0,0,0,,2024-08-17 09:46:24,2024-08-17 09:46:24
94551,0,0,768,759,2025-02-16 17:00:00,,2024,0,0,,0,1791,1654,0,0,0,0,0,,2024-08-17 09:46:24,2024-08-17 09:46:24
94552,0,0,768,334,2025-02-17 22:00:00,,2024,0,0,,0,1387,2043,0,0,0,0,0,,2024-08-17 09:46:24,2024-08-17 09:46:24
94553,0,0,768,334,2025-02-18 22:00:00,,2024,0,0,,0,893,894,0,0,0,0,0,,2024-08-17 09:46:24,2024-08-17 09:46:24
94554,0,0,768,319,2025-02-18 22:00:00,,2024,0,0,,0,1589,671,0,0,0,0,0,,2024-08-17 09:46:24,2024-08-17 09:46:24
94555,0,0,768,334,2025-02-19 20:00:00,,2024,0,0,,0,1374,2040,0,0,0,0,0,,2024-08-17 09:46:24,2024-08-17 09:46:24
94556,0,0,768,646,2025-02-21 19:00:00,,2024,0,0,,0,1654,2163,0,0,0,0,0,,2024-08-17 09:46:24,2024-08-17 09:46:24
94557,0,0,768,319,2025-02-25 22:00:00,,2024,0,0,,0,962,2043,0,0,0,0,0,,2024-08-17 09:46:24,2024-08-17 09:46:24
94558,0,0,768,314,2025-02-26 22:00:00,,2024,0,0,,0,2040,671,0,0,0,0,0,,2024-08-17 09:46:24,2024-08-17 09:46:24
94559,0,0,768,319,2025-02-28 19:00:00,,2024,0,0,,0,894,1589,0,0,0,0,0,,2024-08-17 09:46:24,2024-08-17 09:46:24
94560,0,0,768,595,2025-03-10 22:00:00,2025-03-02 17:00:00,2024,0,0,,0,1791,2163,0,0,0,0,0,,2024-08-17 09:46:24,2024-09-16 20:00:09
94561,0,0,768,334,2025-03-03 22:00:00,,2024,0,0,,0,1387,962,0,0,0,0,0,,2024-08-17 09:46:24,2024-08-17 09:46:24
94562,0,0,768,334,2025-03-04 22:00:00,,2024,0,0,,0,893,1374,0,0,0,0,0,,2024-08-17 09:46:24,2024-08-17 09:46:24
94563,0,0,768,319,2025-03-06 20:00:00,,2024,0,0,,0,671,2040,0,0,0,0,0,,2024-08-17 09:46:24,2024-08-17 09:46:24
94564,0,0,768,646,2025-03-07 19:00:00,,2024,0,0,,0,1654,1589,0,0,0,0,0,,2024-08-17 09:46:24,2024-08-17 09:46:24
94565,0,0,768,595,2025-03-08 20:00:00,,2024,0,0,,0,2043,962,0,0,0,0,0,,2024-08-17 09:46:24,2024-08-17 09:46:24
94566,0,0,768,314,2025-03-12 22:00:00,,2024,0,0,,0,2040,1387,0,0,0,0,0,,2024-08-17 09:46:24,2024-08-17 09:46:24
94567,0,0,768,319,2025-03-14 19:00:00,,2024,0,0,,0,894,671,0,0,0,0,0,,2024-08-17 09:46:24,2024-08-17 09:46:24
94568,0,0,768,759,2025-03-16 17:00:00,,2024,0,0,,0,1791,962,0,0,0,0,0,,2024-08-17 09:46:24,2024-08-17 09:46:24
94569,0,0,768,595,2025-03-17 22:00:00,,2024,0,0,,0,2163,1654,0,0,0,0,0,,2024-08-17 09:46:24,2024-08-17 09:46:24
94570,0,0,768,319,2025-03-18 22:00:00,,2024,0,0,,0,1589,2043,0,0,0,0,0,,2024-08-17 09:46:24,2024-08-17 09:46:24
94571,0,0,768,334,2025-03-19 20:00:00,,2024,0,0,,0,1374,1387,0,0,0,0,0,,2024-08-17 09:46:24,2024-08-17 09:46:24
94572,0,0,768,319,2025-03-20 20:00:00,,2024,0,0,,0,671,893,0,0,0,0,0,,2024-08-17 09:46:24,2024-08-17 09:46:24
94573,0,0,768,319,2025-03-25 22:00:00,,2024,0,0,,0,962,2163,0,0,0,0,0,,2024-08-17 09:46:24,2024-08-17 09:46:24
94574,0,0,768,314,2025-03-26 22:00:00,,2024,0,0,,0,2040,1589,0,0,0,0,0,,2024-08-17 09:46:24,2024-08-17 09:46:24
94575,0,0,768,646,2025-03-28 19:00:00,,2024,0,0,,0,1654,671,0,0,0,0,0,,2024-08-17 09:46:24,2024-08-17 09:46:24
94576,0,0,768,759,2025-03-30 17:00:00,,2024,0,0,,0,1791,894,0,0,0,0,0,,2024-08-17 09:46:24,2024-08-17 09:46:24
94577,0,0,768,334,2025-03-31 22:00:00,,2024,0,0,,0,1387,1374,0,0,0,0,0,,2024-08-17 09:46:24,2024-08-17 09:46:24
94578,0,0,768,595,2025-03-31 22:00:00,,2024,0,0,,0,2163,2040,0,0,0,0,0,,2024-08-17 09:46:24,2024-08-17 09:46:24
94579,0,0,768,334,2025-04-01 22:00:00,,2024,0,0,,0,893,962,0,0,0,0,0,,2024-08-17 09:46:24,2024-08-17 09:46:24
94580,0,0,768,319,2025-04-03 20:00:00,,2024,0,0,,0,671,1589,0,0,0,0,0,,2024-08-17 09:46:24,2024-08-17 09:46:24
94581,0,0,768,595,2025-04-05 20:00:00,,2024,0,0,,0,2043,2040,0,0,0,0,0,,2024-08-17 09:46:24,2024-08-17 09:46:24
94582,0,0,768,595,2025-04-07 22:00:00,,2024,0,0,,0,2163,1374,0,0,0,0,0,,2024-08-17 09:46:24,2024-08-17 09:46:24
94583,0,0,768,319,2025-04-08 22:00:00,,2024,0,0,,0,962,1654,0,0,0,0,0,,2024-08-17 09:46:24,2024-08-17 09:46:24
94584,0,0,768,319,2025-04-11 19:00:00,,2024,0,0,,0,894,1387,0,0,0,0,0,,2024-08-17 09:46:24,2024-08-17 09:46:24
94585,0,0,768,759,2025-04-13 17:00:00,,2024,0,0,,0,1791,2040,0,0,0,0,0,,2024-08-17 09:46:24,2024-08-17 09:46:24
94586,0,0,768,319,2025-04-15 22:00:00,,2024,0,0,,0,1589,1374,0,0,0,0,0,,2024-08-17 09:46:24,2024-08-17 09:46:24
94587,0,0,768,334,2025-04-15 22:00:00,,2024,0,0,,0,893,2163,0,0,0,0,0,,2024-08-17 09:46:24,2024-08-17 09:46:24
94588,0,0,768,319,2025-04-17 20:00:00,,2024,0,0,,0,671,2043,0,0,0,0,0,,2024-08-17 09:46:24,2024-08-17 09:46:24
94589,0,0,768,646,2025-04-18 19:00:00,,2024,0,0,,0,1654,962,0,0,0,0,0,,2024-08-17 09:46:24,2024-08-17 09:46:24
94591,0,0,768,334,2025-04-28 22:00:00,,2024,0,0,,0,1387,671,0,0,0,0,0,,2024-08-17 09:46:24,2024-08-17 09:46:24
94592,0,0,768,319,2025-04-29 22:00:00,,2024,0,0,,0,1589,1791,0,0,0,0,0,,2024-08-17 09:46:24,2024-08-17 09:46:24
94593,0,0,768,334,2025-04-30 20:00:00,,2024,0,0,,0,1374,893,0,0,0,0,0,,2024-08-17 09:46:24,2024-08-17 09:46:24
94594,0,0,768,759,2025-05-11 17:00:00,,2024,0,0,,0,1791,1589,0,0,0,0,0,,2024-08-17 09:46:24,2024-08-17 09:46:24
96575,3,1,786,334,2024-09-01 21:00:00,,2024,0,0,,0,496,676,3,7,0,0,0,,2024-08-17 14:25:31,2024-11-18 11:09:37
96576,3,1,786,765,2024-09-02 19:30:00,,2024,0,0,,0,2152,1929,0,5,0,0,1,2024-09-02 22:34:31,2024-08-17 14:25:31,2024-09-04 09:04:11
96577,3,1,786,337,2024-09-06 22:00:00,,2024,0,0,,0,1904,2152,7,9,0,0,0,,2024-08-17 14:25:31,2024-09-07 13:41:01
96580,3,1,786,644,2024-09-13 20:00:00,,2024,0,0,,0,1367,1904,5,8,0,0,0,,2024-08-17 14:25:31,2024-09-15 19:18:43
96582,3,1,786,765,2024-09-16 19:30:00,,2024,0,0,,0,2152,676,6,10,0,0,0,,2024-08-17 14:25:31,2024-09-16 23:37:42
96583,3,1,786,312,2024-10-28 22:00:00,,2024,0,0,,0,1588,496,8,2,0,0,0,,2024-08-17 14:25:31,2024-11-18 11:03:15
96584,3,1,786,337,2024-09-20 22:00:00,,2024,0,0,,0,1904,1367,6,10,0,0,0,,2024-08-17 14:25:31,2024-09-21 02:53:53
96585,3,1,786,330,2024-09-22 21:00:00,,2024,0,0,,0,1929,1930,5,10,0,0,0,,2024-08-17 14:25:31,2024-09-24 17:36:20
96586,3,1,786,319,2024-09-24 21:00:00,,2024,0,0,,0,676,491,9,3,0,0,0,,2024-08-17 14:25:31,2024-09-25 12:21:03
96587,3,1,786,689,2024-09-25 22:00:00,,2024,0,0,,0,1903,1904,14,6,0,0,0,,2024-08-17 14:25:31,2024-09-27 23:34:51
96588,3,1,786,335,2024-11-11 16:00:00,2024-09-27 20:00:00,2024,0,0,,0,1367,2048,5,4,0,0,0,,2024-08-17 14:25:31,2024-11-14 16:34:36
96589,3,1,786,334,2024-09-29 21:00:00,,2024,0,0,,0,496,1588,8,2,0,0,0,,2024-08-17 14:25:31,2024-10-21 19:34:36
96590,3,1,786,330,2024-09-29 19:00:00,,2024,0,0,,0,1930,2152,5,0,0,0,1,2024-09-29 20:36:32,2024-08-17 14:25:31,2024-09-29 20:36:32
96591,3,1,786,699,2024-09-30 22:00:00,,2024,0,0,,0,1933,491,2,0,0,0,0,,2024-08-17 14:25:31,2024-10-01 08:20:43
96592,3,1,786,699,2024-10-02 22:00:00,,2024,0,0,,0,1903,1929,5,6,0,0,0,,2024-08-17 14:25:31,2024-10-03 12:31:50
96593,3,1,786,337,2024-10-04 22:00:00,,2024,0,0,,0,1904,1588,8,9,0,0,0,,2024-08-17 14:25:31,2024-10-05 19:29:40
96594,3,1,786,644,2024-10-07 22:00:00,,2024,0,0,,0,2048,1367,9,5,0,0,0,,2024-08-17 14:25:31,2024-10-08 20:28:51
96595,3,1,786,319,2024-10-08 21:00:00,,2024,0,0,,0,676,1930,5,6,0,0,0,,2024-08-17 14:25:31,2024-10-09 09:09:20
96597,3,1,786,330,2024-10-13 19:00:00,,2024,0,0,,0,1930,1367,11,4,0,0,0,,2024-08-17 14:25:31,2024-10-16 08:41:00
96598,3,1,786,334,2024-10-13 21:00:00,,2024,0,0,,0,496,1933,6,7,0,0,0,,2024-08-17 14:25:31,2024-10-21 19:43:31
96599,0,0,786,337,2024-12-13 22:00:00,2024-12-13 22:00:00,2024,0,0,,0,1929,1904,0,0,0,0,0,,2024-08-17 14:25:31,2024-11-26 13:58:31
96600,3,1,786,312,2024-10-14 22:00:00,,2024,0,0,,0,1588,2048,3,5,0,0,0,,2024-08-17 14:25:31,2024-10-16 22:11:23
96602,3,1,786,699,2024-10-16 22:00:00,,2024,0,0,,0,1903,676,4,3,0,0,0,,2024-08-17 14:25:31,2024-10-22 10:15:00
96603,3,1,786,324,2024-10-18 21:00:00,,2024,0,0,,0,1904,1933,2,6,0,0,0,,2024-08-17 14:25:31,2024-10-20 21:01:29
96604,3,1,786,330,2024-10-20 21:00:00,,2024,0,0,,0,1929,496,5,5,0,0,0,,2024-08-17 14:25:31,2024-10-21 19:15:35
96605,3,1,786,644,2024-10-21 22:00:00,,2024,0,0,,0,2048,2152,5,4,0,0,0,,2024-08-17 14:25:31,2024-10-23 15:14:17
96606,3,1,786,319,2024-10-22 21:00:00,,2024,0,0,,0,676,1588,3,0,0,0,0,,2024-08-17 14:25:31,2024-10-24 11:56:38
96607,3,1,786,644,2024-10-25 20:00:00,,2024,0,0,,0,1367,491,3,6,0,0,0,,2024-08-17 14:25:31,2024-11-09 08:54:52
96608,3,1,786,330,2024-10-27 19:00:00,,2024,0,0,,0,1930,1903,7,7,0,0,0,,2024-08-17 14:25:31,2024-10-28 09:44:48
96609,3,1,786,334,2024-10-27 21:00:00,,2024,0,0,,0,496,1904,8,7,0,0,0,,2024-08-17 14:25:31,2024-10-28 11:39:05
96610,3,1,786,765,2024-10-31 20:30:00,,2024,0,0,,0,2152,2048,7,6,0,0,0,,2024-08-17 14:25:31,2024-11-02 23:52:09
96611,3,1,786,699,2024-10-28 22:00:00,,2024,0,0,,0,1933,1929,2,6,0,0,0,,2024-08-17 14:25:31,2024-10-28 23:46:53
96612,3,1,786,644,2024-11-04 22:00:00,,2024,0,0,,0,2048,1903,4,2,0,0,0,,2024-08-17 14:25:31,2024-11-05 20:30:04
96613,3,1,786,319,2024-11-05 21:00:00,,2024,0,0,,0,676,1933,2,3,0,0,0,,2024-08-17 14:25:31,2024-11-07 23:51:48
96614,3,1,786,334,2024-11-06 20:00:00,,2024,0,0,,0,491,496,3,3,0,0,0,,2024-08-17 14:25:31,2024-11-08 17:19:38
96615,3,1,786,644,2024-11-08 20:00:00,,2024,0,0,,0,1367,1930,7,7,0,0,0,,2024-08-17 14:25:31,2024-11-09 09:00:20
96616,3,1,786,330,2024-11-10 21:00:00,,2024,0,0,,0,1929,2152,3,4,0,0,0,,2024-08-17 14:25:31,2024-11-12 13:36:15
96617,3,1,786,699,2024-11-13 22:00:00,,2024,0,0,,0,1903,1588,7,3,0,0,0,,2024-08-17 14:25:31,2024-11-14 00:45:19
96618,3,1,786,334,2024-11-15 21:00:00,,2024,0,0,,0,1904,496,5,14,0,0,0,,2024-08-17 14:25:31,2024-11-19 14:26:13
96622,3,1,786,334,2024-11-20 20:00:00,,2024,0,0,,0,491,2048,3,5,0,0,0,,2024-08-17 14:25:31,2024-11-22 17:17:24
96624,3,1,786,312,2024-11-25 22:00:00,,2024,0,0,,0,1588,1367,8,0,0,0,0,,2024-08-17 14:25:31,2024-11-26 13:19:00
96625,3,1,786,699,2024-11-25 22:00:00,,2024,0,0,,0,1933,2152,8,7,0,0,0,,2024-08-17 14:25:31,2024-11-26 14:36:41
96626,0,0,786,699,2024-11-27 22:00:00,,2024,0,0,,0,1903,491,0,0,0,0,0,,2024-08-17 14:25:31,2024-08-17 14:25:31
96627,0,0,786,337,2024-11-29 22:00:00,,2024,0,0,,0,1904,676,0,0,0,0,0,,2024-08-17 14:25:31,2024-08-17 14:25:31
96628,0,0,786,330,2024-12-01 21:00:00,,2024,0,0,,0,1929,1588,0,0,0,0,0,,2024-08-17 14:25:31,2024-08-17 14:25:31
96629,0,0,786,644,2024-12-02 22:00:00,,2024,0,0,,0,2048,1930,0,0,0,0,0,,2024-08-17 14:25:31,2024-08-17 14:25:31
96630,0,0,786,324,2024-12-05 22:00:00,,2024,0,0,,0,2152,1933,0,0,0,0,0,,2024-08-17 14:25:31,2024-11-22 12:46:11
96631,0,0,786,334,2024-12-04 20:00:00,,2024,0,0,,0,491,676,0,0,0,0,0,,2024-08-17 14:25:31,2024-08-17 14:25:31
96633,0,0,786,312,2024-12-09 22:00:00,,2024,0,0,,0,1588,2152,0,0,0,0,0,,2024-08-17 14:25:31,2024-08-17 14:25:31
96634,0,0,786,699,2024-12-09 22:00:00,,2024,0,0,,0,1933,2048,0,0,0,0,0,,2024-08-17 14:25:31,2024-08-17 14:25:31
96635,0,0,786,699,2024-12-11 22:00:00,,2024,0,0,,0,1903,496,0,0,0,0,0,,2024-08-17 14:25:31,2024-08-17 14:25:31
96636,0,0,786,330,2024-12-15 19:00:00,,2024,0,0,,0,1930,491,0,0,0,0,0,,2024-08-17 14:25:31,2024-08-17 14:25:31
96637,0,0,786,644,2024-12-16 22:00:00,,2024,0,0,,0,2048,1904,0,0,0,0,0,,2024-08-17 14:25:31,2024-08-17 14:25:31
96638,0,0,786,328,2024-12-20 22:00:00,,2024,0,0,,0,2152,1588,0,0,0,0,0,,2024-08-17 14:25:31,2024-11-22 12:45:37
96639,0,0,786,319,2024-12-17 21:00:00,,2024,0,0,,0,676,1929,0,0,0,0,0,,2024-08-17 14:25:31,2024-08-17 14:25:31
96640,0,0,786,699,2024-12-19 22:00:00,,2024,0,0,,0,1903,1933,0,0,0,0,0,,2024-08-17 14:25:31,2024-08-28 13:30:46
96641,0,0,786,334,2024-12-22 21:00:00,,2024,0,0,,0,496,2048,0,0,0,0,0,,2024-08-17 14:25:32,2024-08-17 14:25:32
96642,0,0,786,699,2024-12-23 22:00:00,,2024,0,0,,0,1933,1367,0,0,0,0,0,,2024-08-17 14:25:32,2024-08-17 14:25:32
96643,0,0,786,312,2024-12-23 22:00:00,,2024,0,0,,0,1588,1930,0,0,0,0,0,,2024-08-17 14:25:32,2024-08-17 14:25:32
96644,0,0,786,337,2024-12-27 22:00:00,,2024,0,0,,0,1904,1903,0,0,0,0,0,,2024-08-17 14:25:32,2024-08-17 14:25:32
96645,0,0,786,644,2024-12-30 22:00:00,,2024,0,0,,0,2048,1929,0,0,0,0,0,,2024-08-17 14:25:32,2024-08-17 14:25:32
96646,0,0,786,644,2025-01-03 20:00:00,,2024,0,0,,0,1367,1903,0,0,0,0,0,,2024-08-17 14:25:32,2024-08-17 14:25:32
96647,0,0,786,330,2025-01-05 21:00:00,,2024,0,0,,0,1929,676,0,0,0,0,0,,2024-08-17 14:25:32,2024-08-17 14:25:32
96648,0,0,786,330,2025-01-05 19:00:00,,2024,0,0,,0,1930,1904,0,0,0,0,0,,2024-08-17 14:25:32,2024-08-17 14:25:32
96649,0,0,786,312,2025-01-06 22:00:00,,2024,0,0,,0,1588,491,0,0,0,0,0,,2024-08-17 14:25:32,2024-08-17 14:25:32
96650,0,0,786,330,2025-01-12 21:00:00,,2024,0,0,,0,1929,1933,0,0,0,0,0,,2024-08-17 14:25:32,2024-08-17 14:25:32
96651,0,0,786,644,2025-01-13 22:00:00,,2024,0,0,,0,2048,676,0,0,0,0,0,,2024-08-17 14:25:32,2024-08-17 14:25:32
96652,0,0,786,334,2025-01-15 20:00:00,,2024,0,0,,0,491,1367,0,0,0,0,0,,2024-08-17 14:25:32,2024-08-17 14:25:32
96653,0,0,786,334,2025-01-19 21:00:00,,2024,0,0,,0,496,1930,0,0,0,0,0,,2024-08-17 14:25:32,2024-08-17 14:25:32
96654,0,0,786,699,2025-01-20 22:00:00,,2024,0,0,,0,1933,1588,0,0,0,0,0,,2024-08-17 14:25:32,2024-08-17 14:25:32
96655,0,0,786,328,2025-01-17 22:00:00,,2024,0,0,,0,2152,1903,0,0,0,0,0,,2024-08-17 14:25:32,2024-11-22 12:45:55
96656,0,0,786,337,2025-01-24 22:00:00,,2024,0,0,,0,1904,1929,0,0,0,0,0,,2024-08-17 14:25:32,2024-08-17 14:25:32
96657,0,0,786,644,2025-01-27 22:00:00,,2024,0,0,,0,2048,491,0,0,0,0,0,,2024-08-17 14:25:32,2024-08-17 14:25:32
96658,0,0,786,319,2025-01-28 21:00:00,,2024,0,0,,0,676,496,0,0,0,0,0,,2024-08-17 14:25:32,2024-08-17 14:25:32
96659,0,0,786,644,2025-01-31 20:00:00,,2024,0,0,,0,1367,1933,0,0,0,0,0,,2024-08-17 14:25:32,2024-08-17 14:25:32
96660,0,0,786,330,2025-02-02 19:00:00,,2024,0,0,,0,1930,2048,0,0,0,0,0,,2024-08-17 14:25:32,2024-08-17 14:25:32
96661,0,0,786,330,2025-02-02 21:00:00,,2024,0,0,,0,1929,1903,0,0,0,0,0,,2024-08-17 14:25:32,2024-08-17 14:25:32
96662,0,0,786,339,2025-02-06 22:00:00,,2024,0,0,,0,2152,496,0,0,0,0,0,,2024-08-17 14:25:32,2024-11-22 12:46:30
96663,0,0,786,312,2025-02-03 22:00:00,,2024,0,0,,0,1588,676,0,0,0,0,0,,2024-08-17 14:25:32,2024-08-17 14:25:32
96664,0,0,786,334,2025-02-07 21:00:00,,2024,0,0,,0,1904,2048,0,0,0,0,0,,2024-08-17 14:25:32,2024-08-22 13:29:30
96665,0,0,786,330,2025-02-09 21:00:00,,2024,0,0,,0,1929,1367,0,0,0,0,0,,2024-08-17 14:25:32,2024-08-17 14:25:32
96666,0,0,786,699,2025-02-13 22:00:00,,2024,0,0,,0,1903,1930,0,0,0,0,0,,2024-08-17 14:25:32,2024-08-28 13:31:05
96667,0,0,786,334,2025-02-12 20:00:00,,2024,0,0,,0,491,2152,0,0,0,0,0,,2024-08-17 14:25:32,2024-08-17 14:25:32
96668,0,0,786,334,2025-02-16 21:00:00,,2024,0,0,,0,496,1367,0,0,0,0,0,,2024-08-17 14:25:32,2024-08-17 14:25:32
96669,0,0,786,312,2025-02-17 22:00:00,,2024,0,0,,0,1588,1904,0,0,0,0,0,,2024-08-17 14:25:32,2024-08-17 14:25:32
96670,0,0,786,699,2025-02-17 22:00:00,,2024,0,0,,0,1933,676,0,0,0,0,0,,2024-08-17 14:25:32,2024-08-17 14:25:32
96671,0,0,786,699,2025-02-19 22:00:00,,2024,0,0,,0,1903,2152,0,0,0,0,0,,2024-08-17 14:25:32,2024-08-17 14:25:32
96672,0,0,786,330,2025-02-23 19:00:00,,2024,0,0,,0,1930,1588,0,0,0,0,0,,2024-08-17 14:25:32,2024-08-17 14:25:32
96673,0,0,786,644,2025-02-24 22:00:00,,2024,0,0,,0,2048,1933,0,0,0,0,0,,2024-08-17 14:25:32,2024-08-17 14:25:32
96674,0,0,786,334,2025-02-26 20:00:00,,2024,0,0,,0,491,1904,0,0,0,0,0,,2024-08-17 14:25:32,2024-08-17 14:25:32
96675,0,0,786,644,2025-02-28 20:00:00,,2024,0,0,,0,1367,676,0,0,0,0,0,,2024-08-17 14:25:32,2024-08-17 14:25:32
96676,0,0,786,334,2025-03-02 21:00:00,,2024,0,0,,0,496,2152,0,0,0,0,0,,2024-08-17 14:25:32,2024-08-17 14:25:32
96677,0,0,786,699,2025-03-03 22:00:00,,2024,0,0,,0,1933,1930,0,0,0,0,0,,2024-08-17 14:25:32,2024-08-17 14:25:32
96678,0,0,786,312,2025-03-03 22:00:00,,2024,0,0,,0,1588,1929,0,0,0,0,0,,2024-08-17 14:25:32,2024-08-17 14:25:32
96679,0,0,786,699,2025-03-05 22:00:00,,2024,0,0,,0,1903,2048,0,0,0,0,0,,2024-08-17 14:25:32,2024-08-17 14:25:32
96680,0,0,786,337,2025-03-07 22:00:00,,2024,0,0,,0,1904,491,0,0,0,0,0,,2024-08-17 14:25:32,2024-08-17 14:25:32
96681,0,0,786,330,2025-03-09 19:00:00,,2024,0,0,,0,1930,496,0,0,0,0,0,,2024-08-17 14:25:32,2024-08-17 14:25:32
96682,0,0,786,319,2025-03-11 21:00:00,,2024,0,0,,0,676,2152,0,0,0,0,0,,2024-08-17 14:25:32,2024-08-17 14:25:32
96683,0,0,786,334,2025-03-12 20:00:00,,2024,0,0,,0,491,1933,0,0,0,0,0,,2024-08-17 14:25:32,2024-08-17 14:25:32
96684,0,0,786,644,2025-03-14 20:00:00,,2024,0,0,,0,1367,1588,0,0,0,0,0,,2024-08-17 14:25:32,2024-08-17 14:25:32
96685,0,0,786,334,2025-03-16 21:00:00,,2024,0,0,,0,496,1903,0,0,0,0,0,,2024-08-17 14:25:32,2024-08-17 14:25:32
96686,0,0,786,330,2025-03-16 21:00:00,,2024,0,0,,0,1929,2048,0,0,0,0,0,,2024-08-17 14:25:32,2024-08-17 14:25:32
96687,0,0,786,339,2025-03-20 22:00:00,,2024,0,0,,0,2152,1930,0,0,0,0,0,,2024-08-17 14:25:32,2024-11-22 12:46:49
96688,0,0,786,699,2025-03-17 22:00:00,,2024,0,0,,0,1933,1904,0,0,0,0,0,,2024-08-17 14:25:32,2024-08-17 14:25:32
96689,0,0,786,319,2025-03-25 21:00:00,,2024,0,0,,0,676,1904,0,0,0,0,0,,2024-08-17 14:25:32,2024-08-17 14:25:32
96690,0,0,786,334,2025-03-26 20:00:00,,2024,0,0,,0,491,1930,0,0,0,0,0,,2024-08-17 14:25:32,2024-08-17 14:25:32
96691,0,0,786,644,2025-03-28 20:00:00,,2024,0,0,,0,1367,2152,0,0,0,0,0,,2024-08-17 14:25:32,2024-08-17 14:25:32
96692,0,0,786,699,2025-03-31 22:00:00,,2024,0,0,,0,1933,496,0,0,0,0,0,,2024-08-17 14:25:32,2024-08-17 14:25:32
96693,0,0,786,312,2025-03-31 22:00:00,,2024,0,0,,0,1588,1903,0,0,0,0,0,,2024-08-17 14:25:32,2024-08-17 14:25:32
96694,0,0,786,328,2025-04-04 22:00:00,,2024,0,0,,0,1904,1930,0,0,0,0,0,,2024-08-17 14:25:32,2024-08-22 13:29:48
96695,0,0,786,330,2025-04-06 21:00:00,,2024,0,0,,0,1929,491,0,0,0,0,0,,2024-08-17 14:25:32,2024-08-17 14:25:32
96696,0,0,786,644,2025-04-07 22:00:00,,2024,0,0,,0,2048,1588,0,0,0,0,0,,2024-08-17 14:25:32,2024-08-17 14:25:32
96697,0,0,786,319,2025-04-08 21:00:00,,2024,0,0,,0,676,1367,0,0,0,0,0,,2024-08-17 14:25:32,2024-08-17 14:25:32
96698,0,0,786,330,2025-04-13 19:00:00,,2024,0,0,,0,1930,676,0,0,0,0,0,,2024-08-17 14:25:32,2024-08-17 14:25:32
96699,0,0,786,334,2025-04-13 21:00:00,,2024,0,0,,0,496,491,0,0,0,0,0,,2024-08-17 14:25:32,2024-08-17 14:25:32
96700,0,0,786,319,2025-04-10 22:00:00,,2024,0,0,,0,2152,1904,0,0,0,0,0,,2024-08-17 14:25:32,2024-11-22 12:47:05
96701,0,0,786,312,2025-04-14 22:00:00,,2024,0,0,,0,1588,1933,0,0,0,0,0,,2024-08-17 14:25:32,2024-08-17 14:25:32
96702,0,0,786,699,2025-04-16 22:00:00,,2024,0,0,,0,1903,1367,0,0,0,0,0,,2024-08-17 14:25:32,2024-08-17 14:25:32
96703,0,0,786,319,2025-04-22 21:00:00,,2024,0,0,,0,676,2048,0,0,0,0,0,,2024-08-17 14:25:32,2024-08-17 14:25:32
96704,0,0,786,334,2025-04-23 20:00:00,,2024,0,0,,0,491,1588,0,0,0,0,0,,2024-08-17 14:25:32,2024-08-17 14:25:32
96705,0,0,786,644,2025-04-25 20:00:00,,2024,0,0,,0,1367,1929,0,0,0,0,0,,2024-08-17 14:25:32,2024-08-17 14:25:32
96706,0,0,786,699,2025-04-28 22:00:00,,2024,0,0,,0,1933,1903,0,0,0,0,0,,2024-08-17 14:25:32,2024-08-17 14:25:32
96839,3,1,788,644,2024-09-02 22:00:00,,2024,0,0,,0,1905,1123,9,5,0,0,0,,2024-08-17 14:25:34,2024-09-07 19:05:06
96840,3,1,788,787,2024-09-02 21:00:00,,2024,0,0,,0,1917,1384,5,0,0,0,1,2024-09-05 21:32:48,2024-08-17 14:25:34,2024-09-05 21:32:48
96841,3,1,788,644,2024-09-03 22:00:00,,2024,0,0,,0,2156,1715,5,5,0,0,0,,2024-08-17 14:25:34,2024-09-04 09:04:11
96843,3,1,788,330,2024-09-08 19:00:00,,2024,0,0,,0,1655,1123,6,6,0,0,0,,2024-08-17 14:25:34,2024-09-08 23:06:49
96844,3,1,788,644,2024-09-09 21:00:00,,2024,0,0,,0,1591,2157,2,4,0,0,0,,2024-08-17 14:25:34,2024-09-09 23:01:00
96845,3,1,788,644,2024-09-13 21:00:00,,2024,0,0,,0,1384,2155,0,5,0,0,1,2024-09-13 22:56:30,2024-08-17 14:25:34,2024-09-13 22:56:30
96847,3,1,788,609,2024-09-15 18:00:00,,2024,0,0,,0,1123,2157,1,14,0,0,0,,2024-08-17 14:25:34,2024-11-03 11:02:05
96848,3,1,788,787,2024-09-16 21:00:00,,2024,0,0,,0,1917,1204,3,0,0,0,0,,2024-08-17 14:25:34,2024-09-17 08:15:53
96849,3,1,788,644,2024-09-16 22:00:00,,2024,0,0,,0,1905,1919,3,3,0,0,0,,2024-08-17 14:25:34,2024-09-30 09:16:23
96850,3,1,788,323,2024-09-20 21:00:00,,2024,0,0,,0,2154,1384,5,0,0,0,1,2024-09-22 15:15:44,2024-08-17 14:25:34,2024-09-22 15:15:44
96851,3,1,788,331,2024-09-20 22:00:00,,2024,0,0,,0,2155,1591,9,7,0,0,0,,2024-08-17 14:25:34,2024-09-23 16:34:02
96852,3,1,788,330,2024-09-22 19:00:00,,2024,0,0,,0,1655,2156,6,3,0,0,0,,2024-08-17 14:25:34,2024-09-23 17:08:41
96853,3,1,788,644,2024-09-25 20:00:00,,2024,0,0,,0,2157,1204,7,6,0,0,0,,2024-08-17 14:25:34,2024-09-26 20:24:34
96854,3,1,788,644,2024-09-27 21:00:00,,2024,0,0,,0,1384,1715,3,14,0,0,0,,2024-08-17 14:25:34,2024-10-29 16:42:17
96855,3,1,788,334,2024-09-28 21:00:00,,2024,0,0,,0,1919,2154,17,1,0,0,0,,2024-08-17 14:25:34,2024-09-29 13:18:15
96856,3,1,788,787,2024-09-30 21:00:00,,2024,0,0,,0,1917,1123,2,2,0,0,0,,2024-08-17 14:25:34,2024-10-12 12:32:01
96857,3,1,788,644,2024-10-01 22:00:00,2024-10-01 22:00:00,2024,0,0,,0,2156,1905,5,0,0,0,1,2024-09-30 21:45:30,2024-08-17 14:25:34,2024-10-01 22:00:31
96858,3,1,788,323,2024-10-04 21:00:00,,2024,0,0,,0,2154,1715,2,8,0,0,0,,2024-08-17 14:25:34,2024-10-07 20:41:50
96859,3,1,788,331,2024-10-04 22:00:00,,2024,0,0,,0,2155,2157,2,8,0,0,0,,2024-08-17 14:25:34,2024-10-05 03:12:26
96860,3,1,788,330,2024-10-06 19:00:00,,2024,0,0,,0,1655,1919,3,9,0,0,0,,2024-08-17 14:25:34,2024-10-06 20:19:16
96861,3,1,788,644,2024-10-07 21:00:00,,2024,0,0,,0,1591,1204,4,9,0,0,0,,2024-08-17 14:25:34,2024-10-14 10:53:03
96862,3,1,788,644,2024-10-11 21:00:00,,2024,0,0,,0,1384,1917,3,4,0,0,0,,2024-08-17 14:25:34,2024-10-29 17:30:20
96863,3,1,788,609,2024-10-11 21:00:00,,2024,0,0,,0,1123,2155,3,7,0,0,0,,2024-08-17 14:25:34,2024-10-12 12:26:47
96864,3,1,788,335,2024-10-29 21:00:00,2024-10-12 21:00:00,2024,0,0,,0,1919,2157,6,1,0,0,0,,2024-08-17 14:25:34,2024-10-29 23:08:45
96865,3,1,788,334,2024-10-12 22:00:00,,2024,0,0,,0,1715,2154,9,0,0,0,0,,2024-08-17 14:25:34,2024-10-13 03:46:44
96866,3,1,788,644,2024-10-14 22:00:00,,2024,0,0,,0,1905,2156,9,1,0,0,0,,2024-08-17 14:25:34,2024-10-17 15:56:43
96867,3,1,788,339,2024-10-15 22:00:00,,2024,0,0,,0,1204,1591,1,5,0,0,0,,2024-08-17 14:25:34,2024-10-17 22:14:05
96868,3,1,788,331,2024-10-18 21:00:00,,2024,0,0,,0,2155,1917,5,5,0,0,0,,2024-08-17 14:25:34,2024-10-21 06:44:40
96869,3,1,788,609,2024-10-19 20:00:00,,2024,0,0,,0,1123,1919,5,4,0,0,0,,2024-08-17 14:25:34,2024-11-03 10:51:42
96870,3,1,788,330,2024-10-20 19:00:00,,2024,0,0,,0,1655,2154,10,2,0,0,0,,2024-08-17 14:25:34,2024-10-22 19:05:45
96871,3,1,788,644,2024-10-21 21:00:00,,2024,0,0,,0,1591,2156,1,5,0,0,0,,2024-08-17 14:25:34,2024-10-24 13:23:32
96872,3,1,788,644,2024-10-23 20:00:00,,2024,0,0,,0,2157,1384,17,2,0,0,0,,2024-08-17 14:25:34,2024-10-29 16:45:37
96873,3,1,788,334,2024-10-26 21:00:00,,2024,0,0,,0,1919,1715,5,0,0,0,1,2024-10-26 12:36:15,2024-08-17 14:25:34,2024-10-26 21:00:09
96874,3,1,788,787,2024-10-28 21:00:00,,2024,0,0,,0,1917,2155,4,0,0,0,0,,2024-08-17 14:25:34,2024-10-29 11:52:46
96875,3,1,788,644,2024-10-28 22:00:00,,2024,0,0,,0,1905,2154,18,1,0,0,0,,2024-08-17 14:25:34,2024-10-30 19:17:46
96876,3,1,788,644,2024-10-29 22:00:00,,2024,0,0,,0,2156,1384,2,4,0,0,0,,2024-08-17 14:25:34,2024-10-30 09:11:54
96877,3,1,788,339,2024-10-29 22:00:00,,2024,0,0,,0,1204,1123,0,1,0,0,0,,2024-08-17 14:25:34,2024-11-01 19:22:48
96878,3,1,788,330,2024-11-03 19:00:00,,2024,0,0,,0,1655,1715,6,5,0,0,0,,2024-08-17 14:25:34,2024-11-05 20:16:17
96879,3,1,788,644,2024-11-06 20:00:00,2024-11-06 20:00:00,2024,0,0,,0,2157,1591,5,0,0,0,1,2024-11-04 15:21:19,2024-08-17 14:25:34,2024-11-06 20:00:18
96880,3,1,788,644,2024-11-13 22:00:00,2024-11-08 21:00:00,2024,0,0,,0,1384,1905,5,8,0,0,0,,2024-08-17 14:25:34,2024-11-15 09:38:54
96881,3,1,788,609,2024-11-09 20:00:00,,2024,0,0,,0,1123,2154,5,3,0,0,0,,2024-08-17 14:25:34,2024-11-10 20:04:07
96882,3,1,788,334,2024-11-09 21:00:00,,2024,0,0,,0,1919,1917,6,3,0,0,0,,2024-08-17 14:25:34,2024-11-10 22:11:11
96883,3,1,788,330,2024-11-10 19:00:00,,2024,0,0,,0,1655,2155,13,6,0,0,0,,2024-08-17 14:25:34,2024-11-11 22:29:23
96884,3,1,788,644,2024-11-12 22:00:00,,2024,0,0,,0,2156,2157,5,4,0,0,0,,2024-08-17 14:25:34,2024-11-12 23:54:24
96885,3,1,788,339,2024-11-12 22:00:00,,2024,0,0,,0,1204,1715,8,1,0,0,0,,2024-08-17 14:25:34,2024-11-18 15:21:10
96886,3,1,788,323,2024-11-15 21:00:00,,2024,0,0,,0,2154,1905,0,15,0,0,0,,2024-08-17 14:25:34,2024-11-20 10:41:56
96887,3,1,788,644,2024-11-18 21:00:00,,2024,0,0,,0,1591,1384,5,7,0,0,0,,2024-08-17 14:25:34,2024-11-25 14:54:37
96888,3,1,788,644,2024-11-20 20:00:00,,2024,0,0,,0,2157,2156,7,4,0,0,0,,2024-08-17 14:25:34,2024-11-21 14:09:08
96889,3,1,788,331,2024-11-22 22:00:00,,2024,0,0,,0,2155,2154,5,4,0,0,0,,2024-08-17 14:25:34,2024-11-23 22:12:42
96890,0,1,788,334,2024-11-23 21:00:00,,2024,0,0,,0,1919,1384,0,0,0,0,0,,2024-08-17 14:25:34,2024-11-23 21:00:18
96892,2,1,788,787,2024-11-25 21:00:00,,2024,0,0,,0,1917,1655,10,3,0,0,0,,2024-08-17 14:25:34,2024-11-26 09:51:51
96893,2,1,788,644,2024-11-25 22:00:00,,2024,0,0,,0,1905,2157,3,8,0,0,0,,2024-08-17 14:25:34,2024-11-25 23:49:05
96894,3,1,788,644,2024-11-26 22:00:00,,2024,0,0,,0,2156,1591,6,5,0,0,0,,2024-08-17 14:25:34,2024-11-27 00:02:14
96895,0,0,788,323,2024-11-29 21:00:00,,2024,0,0,,0,2154,2155,0,0,0,0,0,,2024-08-17 14:25:34,2024-08-17 14:25:34
96896,0,0,788,609,2024-12-01 18:00:00,,2024,0,0,,0,1123,1905,0,0,0,0,0,,2024-08-17 14:25:34,2024-08-17 14:25:34
96897,0,0,788,330,2024-12-01 19:00:00,,2024,0,0,,0,1655,1917,0,0,0,0,0,,2024-08-17 14:25:34,2024-08-17 14:25:34
96898,0,0,788,644,2024-12-02 21:00:00,,2024,0,0,,0,1591,1919,0,0,0,0,0,,2024-08-17 14:25:34,2024-08-17 14:25:34
96899,0,0,788,339,2024-12-03 22:00:00,,2024,0,0,,0,1204,2156,0,0,0,0,0,,2024-08-17 14:25:35,2024-08-17 14:25:35
96900,0,0,788,644,2024-12-04 20:00:00,,2024,0,0,,0,2157,2154,0,0,0,0,0,,2024-08-17 14:25:35,2024-08-17 14:25:35
96901,0,0,788,644,2024-12-06 21:00:00,,2024,0,0,,0,1384,1655,0,0,0,0,0,,2024-08-17 14:25:35,2024-08-17 14:25:35
96902,0,0,788,331,2024-12-06 22:00:00,,2024,0,0,,0,2155,1123,0,0,0,0,0,,2024-08-17 14:25:35,2024-08-17 14:25:35
96903,0,0,788,334,2024-12-07 22:00:00,,2024,0,0,,0,1715,1905,0,0,0,0,0,,2024-08-17 14:25:35,2024-08-17 14:25:35
96904,0,0,788,787,2024-12-09 21:00:00,,2024,0,0,,0,1917,1919,0,0,0,0,0,,2024-08-17 14:25:35,2024-08-17 14:25:35
96905,0,0,788,644,2024-12-10 22:00:00,,2024,0,0,,0,2156,1204,0,0,0,0,0,,2024-08-17 14:25:35,2024-08-17 14:25:35
96906,0,0,788,644,2024-12-16 21:00:00,,2024,0,0,,0,1591,1715,0,0,0,0,0,,2024-08-17 14:25:35,2024-08-17 14:25:35
96907,0,0,788,339,2024-12-17 22:00:00,,2024,0,0,,0,1204,1917,0,0,0,0,0,,2024-08-17 14:25:35,2024-08-17 14:25:35
96908,0,0,788,644,2024-12-18 20:00:00,,2024,0,0,,0,2157,1905,0,0,0,0,0,,2024-08-17 14:25:35,2024-08-17 14:25:35
96909,0,0,788,644,2024-12-20 21:00:00,,2024,0,0,,0,1384,2154,0,0,0,0,0,,2024-08-17 14:25:35,2024-08-17 14:25:35
96910,0,0,788,609,2024-12-20 21:00:00,,2024,0,0,,0,1123,2156,0,0,0,0,0,,2024-08-17 14:25:35,2024-08-17 14:25:35
96911,0,0,788,334,2024-12-21 21:00:00,,2024,0,0,,0,1919,1655,0,0,0,0,0,,2024-08-17 14:25:35,2024-08-17 14:25:35
96912,0,0,788,787,2024-12-23 21:00:00,,2024,0,0,,0,1917,1715,0,0,0,0,0,,2024-08-17 14:25:35,2024-08-17 14:25:35
96913,0,0,788,644,2024-12-23 22:00:00,,2024,0,0,,0,1905,2155,0,0,0,0,0,,2024-08-17 14:25:35,2024-08-17 14:25:35
96914,0,0,788,323,2024-12-27 21:00:00,,2024,0,0,,0,2154,2156,0,0,0,0,0,,2024-08-17 14:25:35,2024-08-17 14:25:35
96915,0,0,788,330,2024-12-29 19:00:00,,2024,0,0,,0,1655,1204,0,0,0,0,0,,2024-08-17 14:25:35,2024-08-17 14:25:35
96916,0,0,788,644,2024-12-30 21:00:00,,2024,0,0,,0,1591,1917,0,0,0,0,0,,2024-08-17 14:25:35,2024-08-17 14:25:35
96917,0,0,788,644,2025-01-03 21:00:00,,2024,0,0,,0,1384,2157,0,0,0,0,0,,2024-08-17 14:25:35,2024-08-17 14:25:35
96918,0,0,788,334,2025-01-04 21:00:00,,2024,0,0,,0,1919,1204,0,0,0,0,0,,2024-08-17 14:25:35,2024-08-17 14:25:35
96919,0,0,788,334,2025-01-04 22:00:00,,2024,0,0,,0,1715,2155,0,0,0,0,0,,2024-08-17 14:25:35,2024-08-17 14:25:35
96920,0,0,788,644,2025-01-06 22:00:00,,2024,0,0,,0,1905,1655,0,0,0,0,0,,2024-08-17 14:25:35,2024-08-17 14:25:35
96921,0,0,788,644,2025-01-07 22:00:00,,2024,0,0,,0,2156,1123,0,0,0,0,0,,2024-08-17 14:25:35,2024-08-17 14:25:35
96922,0,0,788,323,2025-01-10 21:00:00,,2024,0,0,,0,2154,1917,0,0,0,0,0,,2024-08-17 14:25:35,2024-08-17 14:25:35
96923,0,0,788,331,2025-01-10 22:00:00,,2024,0,0,,0,2155,1384,0,0,0,0,0,,2024-08-17 14:25:35,2024-08-17 14:25:35
96924,0,0,788,644,2025-01-15 20:00:00,,2024,0,0,,0,2157,2155,0,0,0,0,0,,2024-08-17 14:25:35,2024-08-17 14:25:35
96925,0,0,788,644,2025-01-17 21:00:00,,2024,0,0,,0,1384,1591,0,0,0,0,0,,2024-08-17 14:25:35,2024-08-17 14:25:35
96926,0,0,788,609,2025-01-18 21:00:00,,2024,0,0,,0,1123,1204,0,0,0,0,0,,2024-08-17 14:25:35,2024-08-17 14:25:35
96927,0,0,788,334,2025-01-18 21:00:00,,2024,0,0,,0,1919,2156,0,0,0,0,0,,2024-08-17 14:25:35,2024-08-17 14:25:35
96928,0,0,788,334,2025-01-18 22:00:00,,2024,0,0,,0,1715,1655,0,0,0,0,0,,2024-08-17 14:25:35,2024-08-17 14:25:35
96929,0,0,788,787,2025-01-20 21:00:00,,2024,0,0,,0,1917,1905,0,0,0,0,0,,2024-08-17 14:25:35,2024-08-17 14:25:35
96930,0,0,788,331,2025-01-24 22:00:00,,2024,0,0,,0,2155,2156,0,0,0,0,0,,2024-08-17 14:25:35,2024-08-17 14:25:35
96931,0,0,788,644,2025-01-27 21:00:00,,2024,0,0,,0,1591,1655,0,0,0,0,0,,2024-08-17 14:25:35,2024-08-17 14:25:35
96932,0,0,788,339,2025-01-28 22:00:00,,2024,0,0,,0,1204,2154,0,0,0,0,0,,2024-08-17 14:25:35,2024-08-17 14:25:35
96933,0,0,788,644,2025-01-29 20:00:00,,2024,0,0,,0,2157,1123,0,0,0,0,0,,2024-08-17 14:25:35,2024-08-17 14:25:35
96934,0,0,788,644,2025-01-31 21:00:00,,2024,0,0,,0,1384,2156,0,0,0,0,0,,2024-08-17 14:25:35,2024-08-17 14:25:35
96935,0,0,788,334,2025-02-01 22:00:00,,2024,0,0,,0,1715,1919,0,0,0,0,0,,2024-08-17 14:25:35,2024-08-17 14:25:35
96936,0,0,788,644,2025-02-03 22:00:00,,2024,0,0,,0,1905,1591,0,0,0,0,0,,2024-08-17 14:25:35,2024-08-17 14:25:35
96937,0,0,788,339,2025-02-04 22:00:00,,2024,0,0,,0,1204,1655,0,0,0,0,0,,2024-08-17 14:25:35,2024-08-17 14:25:35
96938,0,0,788,644,2025-02-04 22:00:00,,2024,0,0,,0,2156,1917,0,0,0,0,0,,2024-08-17 14:25:35,2024-08-17 14:25:35
96939,0,0,788,323,2025-02-07 21:00:00,,2024,0,0,,0,2154,1123,0,0,0,0,0,,2024-08-17 14:25:35,2024-08-17 14:25:35
96940,0,0,788,331,2025-02-07 22:00:00,,2024,0,0,,0,2155,1715,0,0,0,0,0,,2024-08-17 14:25:35,2024-08-17 14:25:35
96941,0,0,788,330,2025-02-09 19:00:00,,2024,0,0,,0,1655,2157,0,0,0,0,0,,2024-08-17 14:25:35,2024-08-17 14:25:35
96942,0,0,788,339,2025-02-11 22:00:00,,2024,0,0,,0,1204,1384,0,0,0,0,0,,2024-08-17 14:25:35,2024-08-17 14:25:35
96943,0,0,788,334,2025-02-15 21:00:00,,2024,0,0,,0,1919,2155,0,0,0,0,0,,2024-08-17 14:25:35,2024-08-17 14:25:35
96944,0,0,788,334,2025-02-15 22:00:00,,2024,0,0,,0,1715,2157,0,0,0,0,0,,2024-08-17 14:25:35,2024-08-17 14:25:35
96945,0,0,788,609,2025-02-16 18:00:00,,2024,0,0,,0,1123,1591,0,0,0,0,0,,2024-08-17 14:25:35,2024-08-17 14:25:35
96946,0,0,788,330,2025-02-16 19:00:00,,2024,0,0,,0,1655,1384,0,0,0,0,0,,2024-08-17 14:25:35,2024-08-17 14:25:35
96947,0,0,788,787,2025-02-17 21:00:00,,2024,0,0,,0,1917,2156,0,0,0,0,0,,2024-08-17 14:25:35,2024-08-17 14:25:35
96948,0,0,788,323,2025-02-21 21:00:00,,2024,0,0,,0,2154,1204,0,0,0,0,0,,2024-08-17 14:25:35,2024-08-17 14:25:35
96949,0,0,788,331,2025-02-21 22:00:00,,2024,0,0,,0,2155,1905,0,0,0,0,0,,2024-08-17 14:25:35,2024-08-17 14:25:35
96950,0,0,788,644,2025-02-24 21:00:00,,2024,0,0,,0,1591,1123,0,0,0,0,0,,2024-08-17 14:25:35,2024-08-17 14:25:35
96951,0,0,788,644,2025-02-26 20:00:00,,2024,0,0,,0,2157,1919,0,0,0,0,0,,2024-08-17 14:25:35,2024-08-17 14:25:35
96952,0,0,788,334,2025-03-01 22:00:00,,2024,0,0,,0,1715,1384,0,0,0,0,0,,2024-08-17 14:25:35,2024-08-17 14:25:35
96953,0,0,788,787,2025-03-03 21:00:00,,2024,0,0,,0,1917,2157,0,0,0,0,0,,2024-08-17 14:25:35,2024-08-17 14:25:35
96954,0,0,788,644,2025-03-03 22:00:00,,2024,0,0,,0,1905,1204,0,0,0,0,0,,2024-08-17 14:25:35,2024-08-17 14:25:35
96955,0,0,788,644,2025-03-04 22:00:00,,2024,0,0,,0,2156,1655,0,0,0,0,0,,2024-08-17 14:25:35,2024-08-17 14:25:35
96956,0,0,788,331,2025-03-07 22:00:00,,2024,0,0,,0,2155,1919,0,0,0,0,0,,2024-08-17 14:25:35,2024-08-17 14:25:35
96957,0,0,788,609,2025-03-08 21:00:00,,2024,0,0,,0,1123,1715,0,0,0,0,0,,2024-08-17 14:25:35,2024-08-17 14:25:35
96958,0,0,788,644,2025-03-10 21:00:00,,2024,0,0,,0,1591,2154,0,0,0,0,0,,2024-08-17 14:25:35,2024-08-17 14:25:35
96959,0,0,788,644,2025-03-14 21:00:00,,2024,0,0,,0,1384,1123,0,0,0,0,0,,2024-08-17 14:25:35,2024-08-17 14:25:35
96960,0,0,788,334,2025-03-15 21:00:00,,2024,0,0,,0,1919,1905,0,0,0,0,0,,2024-08-17 14:25:35,2024-08-17 14:25:35
96961,0,0,788,334,2025-03-15 22:00:00,,2024,0,0,,0,1715,1917,0,0,0,0,0,,2024-08-17 14:25:35,2024-08-17 14:25:35
96962,0,0,788,330,2025-03-16 19:00:00,,2024,0,0,,0,1655,1591,0,0,0,0,0,,2024-08-17 14:25:35,2024-08-17 14:25:35
96963,0,0,788,339,2025-03-18 22:00:00,,2024,0,0,,0,1204,2157,0,0,0,0,0,,2024-08-17 14:25:35,2024-08-17 14:25:35
96964,0,0,788,644,2025-03-18 22:00:00,,2024,0,0,,0,2156,2155,0,0,0,0,0,,2024-08-17 14:25:35,2024-08-17 14:25:35
96965,0,0,788,323,2025-03-21 21:00:00,,2024,0,0,,0,2154,1655,0,0,0,0,0,,2024-08-17 14:25:35,2024-08-17 14:25:35
96966,0,0,788,644,2025-03-24 21:00:00,,2024,0,0,,0,1591,1905,0,0,0,0,0,,2024-08-17 14:25:35,2024-08-17 14:25:35
96967,0,0,788,644,2025-03-26 20:00:00,,2024,0,0,,0,2157,1917,0,0,0,0,0,,2024-08-17 14:25:35,2024-08-17 14:25:35
96968,0,0,788,644,2025-03-28 21:00:00,,2024,0,0,,0,1384,1204,0,0,0,0,0,,2024-08-17 14:25:35,2024-08-17 14:25:35
96969,0,0,788,331,2025-03-28 22:00:00,,2024,0,0,,0,2155,1655,0,0,0,0,0,,2024-08-17 14:25:35,2024-08-17 14:25:35
96970,0,0,788,334,2025-03-29 21:00:00,,2024,0,0,,0,1919,1123,0,0,0,0,0,,2024-08-17 14:25:35,2024-08-17 14:25:35
96971,0,0,788,787,2025-03-31 21:00:00,,2024,0,0,,0,1917,1591,0,0,0,0,0,,2024-08-17 14:25:35,2024-08-17 14:25:35
96972,0,0,788,644,2025-03-31 22:00:00,,2024,0,0,,0,1905,1715,0,0,0,0,0,,2024-08-17 14:25:35,2024-08-17 14:25:35
96973,0,0,788,644,2025-04-01 22:00:00,,2024,0,0,,0,2156,2154,0,0,0,0,0,,2024-08-17 14:25:35,2024-08-17 14:25:35
96974,0,0,788,609,2025-04-04 21:00:00,,2024,0,0,,0,1123,1384,0,0,0,0,0,,2024-08-17 14:25:35,2024-08-17 14:25:35
96975,0,0,788,644,2025-04-07 21:00:00,,2024,0,0,,0,1591,2155,0,0,0,0,0,,2024-08-17 14:25:35,2024-08-17 14:25:35
96976,0,0,788,339,2025-04-08 22:00:00,,2024,0,0,,0,1204,1905,0,0,0,0,0,,2024-08-17 14:25:35,2024-08-17 14:25:35
96977,0,0,788,644,2025-04-09 20:00:00,,2024,0,0,,0,2157,1655,0,0,0,0,0,,2024-08-17 14:25:35,2024-08-17 14:25:35
96978,0,0,788,644,2025-04-11 21:00:00,,2024,0,0,,0,1384,1919,0,0,0,0,0,,2024-08-17 14:25:35,2024-08-17 14:25:35
96979,0,0,788,334,2025-04-12 22:00:00,,2024,0,0,,0,1715,1123,0,0,0,0,0,,2024-08-17 14:25:35,2024-08-17 14:25:35
96980,0,0,788,644,2025-04-14 22:00:00,,2024,0,0,,0,1905,1917,0,0,0,0,0,,2024-08-17 14:25:35,2024-08-17 14:25:35
96981,0,0,788,339,2025-04-15 22:00:00,,2024,0,0,,0,1204,2155,0,0,0,0,0,,2024-08-17 14:25:35,2024-08-17 14:25:35
96982,0,0,788,644,2025-04-15 22:00:00,,2024,0,0,,0,2156,1919,0,0,0,0,0,,2024-08-17 14:25:35,2024-08-17 14:25:35
96983,0,0,788,323,2025-04-18 21:00:00,,2024,0,0,,0,2154,1591,0,0,0,0,0,,2024-08-17 14:25:35,2024-08-17 14:25:35
96984,0,0,788,330,2025-04-20 19:00:00,,2024,0,0,,0,1655,1905,0,0,0,0,0,,2024-08-17 14:25:35,2024-08-17 14:25:35
96985,0,0,788,644,2025-04-23 20:00:00,,2024,0,0,,0,2157,1715,0,0,0,0,0,,2024-08-17 14:25:35,2024-08-17 14:25:35
96986,0,0,788,331,2025-04-25 22:00:00,,2024,0,0,,0,2155,1204,0,0,0,0,0,,2024-08-17 14:25:35,2024-08-17 14:25:35
96987,0,0,788,334,2025-04-26 21:00:00,,2024,0,0,,0,1919,1591,0,0,0,0,0,,2024-08-17 14:25:35,2024-08-17 14:25:35
96988,0,0,788,609,2025-04-26 21:00:00,,2024,0,0,,0,1123,1655,0,0,0,0,0,,2024-08-17 14:25:35,2024-08-17 14:25:35
96989,0,0,788,787,2025-04-28 21:00:00,,2024,0,0,,0,1917,2154,0,0,0,0,0,,2024-08-17 14:25:35,2024-08-17 14:25:35
96990,0,0,788,644,2025-04-28 22:00:00,,2024,0,0,,0,1905,1384,0,0,0,0,0,,2024-08-17 14:25:35,2024-08-17 14:25:35
96991,0,0,788,323,2025-05-02 21:00:00,,2024,0,0,,0,2154,2157,0,0,0,0,0,,2024-08-17 14:25:35,2024-08-17 14:25:35
96992,0,0,788,339,2025-05-06 22:00:00,,2024,0,0,,0,1204,1919,0,0,0,0,0,,2024-08-17 14:25:35,2024-08-17 14:25:35
96993,0,0,788,334,2025-05-10 22:00:00,,2024,0,0,,0,1715,1591,0,0,0,0,0,,2024-08-17 14:25:35,2024-08-17 14:25:35
96994,0,0,788,609,2025-05-13 21:00:00,,2024,0,0,,0,1123,1917,0,0,0,0,0,,2024-08-17 14:25:35,2024-08-17 14:25:35
96995,3,1,789,644,2024-09-10 21:00:00,,2024,0,0,,0,1922,964,12,6,0,0,0,,2024-08-17 14:25:35,2024-09-11 12:49:01
96996,3,1,789,593,2024-09-13 22:00:00,,2024,0,0,,0,2159,1595,0,4,0,0,0,,2024-08-17 14:25:35,2024-09-15 22:03:32
96997,3,1,789,324,2024-09-14 18:00:00,,2024,0,0,,0,2160,2158,4,7,0,0,0,,2024-08-17 14:25:35,2024-09-15 04:24:21
96998,3,1,789,593,2024-11-02 18:00:00,2024-09-14 18:00:00,2024,0,0,,0,1907,2161,6,5,0,0,0,,2024-08-17 14:25:35,2024-11-02 21:21:55
96999,3,1,789,330,2024-09-14 20:00:00,,2024,0,0,,0,1924,1709,4,7,0,0,0,,2024-08-17 14:25:35,2024-09-14 21:59:16
97000,3,1,789,644,2024-10-18 20:00:00,2024-09-18 20:00:00,2024,0,0,,0,2161,1922,8,3,0,0,0,,2024-08-17 14:25:35,2024-10-20 17:40:47
97001,3,1,789,689,2024-09-19 21:00:00,,2024,0,0,,0,1692,1595,1,2,0,0,0,,2024-08-17 14:25:35,2024-09-19 23:23:55
97002,3,1,789,335,2024-09-27 22:00:00,2024-09-20 20:00:00,2024,0,0,,0,961,1924,4,4,0,0,0,,2024-08-17 14:25:35,2024-09-27 23:42:22
97003,3,1,789,330,2024-09-23 22:00:00,,2024,0,0,,0,1709,1907,4,8,0,0,0,,2024-08-17 14:25:35,2024-09-24 13:34:18
97004,3,1,789,644,2024-09-24 21:00:00,,2024,0,0,,0,1922,2159,8,5,0,0,0,,2024-08-17 14:25:35,2024-09-25 18:08:25
97005,0,0,789,689,2024-09-26 21:00:00,2024-09-26 21:00:00,2024,2,7,,0,1595,1692,0,0,0,0,0,,2024-08-17 14:25:36,2024-09-24 22:00:43
97006,3,1,789,330,2024-10-20 18:00:00,2024-09-28 18:00:00,2024,0,0,,0,2160,1709,6,1,0,0,0,,2024-08-17 14:25:36,2024-10-20 21:56:48
97007,3,1,789,593,2024-09-28 19:00:00,,2024,0,0,,0,964,2158,6,12,0,0,0,,2024-08-17 14:25:36,2024-09-28 23:31:17
97008,3,1,789,644,2024-10-02 20:00:00,,2024,0,0,,0,2161,1924,7,2,0,0,0,,2024-08-17 14:25:36,2024-10-02 22:07:07
97009,3,1,789,689,2024-10-03 21:00:00,,2024,0,0,,0,1692,1907,6,13,0,0,0,,2024-08-17 14:25:36,2024-10-04 12:11:32
97010,3,1,789,330,2024-10-07 22:00:00,,2024,0,0,,0,1709,961,2,4,0,0,0,,2024-08-17 14:25:36,2024-10-07 23:35:42
97011,3,1,789,644,2024-10-08 21:00:00,,2024,0,0,,0,1922,1924,3,2,0,0,0,,2024-08-17 14:25:36,2024-10-08 23:34:49
97012,0,0,789,593,2025-01-24 22:00:00,2024-10-11 22:00:00,2024,0,0,,0,2159,1692,0,0,0,0,0,,2024-08-17 14:25:36,2024-10-16 14:42:14
97013,3,1,789,324,2024-10-12 18:00:00,,2024,0,0,,0,2160,2161,3,5,0,0,0,,2024-08-17 14:25:36,2024-10-12 21:56:06
97014,3,1,789,593,2024-10-12 18:00:00,,2024,0,0,,0,1907,964,6,1,0,0,0,,2024-08-17 14:25:36,2024-10-15 13:08:00
97015,3,1,789,330,2024-10-12 20:00:00,,2024,0,0,,0,1924,2158,4,10,0,0,0,,2024-08-17 14:25:36,2024-10-13 01:18:00
97016,3,1,789,330,2024-10-14 22:00:00,,2024,0,0,,0,1709,1595,3,9,0,0,0,,2024-08-17 14:25:36,2024-10-14 23:38:58
97020,3,1,789,324,2024-10-26 18:00:00,,2024,0,0,,0,2160,2159,6,6,0,0,0,,2024-08-17 14:25:36,2024-10-28 19:35:47
97021,3,1,789,330,2024-11-11 22:00:00,2024-10-26 18:00:00,2024,0,0,,0,1907,1709,10,4,0,0,0,,2024-08-17 14:25:36,2024-11-11 23:17:33
97023,3,1,789,330,2024-10-26 20:30:00,2024-10-26 20:00:00,2024,0,0,,0,1924,2161,3,7,0,0,0,,2024-08-17 14:25:36,2024-10-27 01:37:45
97024,3,1,789,689,2024-10-31 21:00:00,,2024,0,0,,0,1692,2158,4,3,0,0,0,,2024-08-17 14:25:36,2024-11-01 11:00:48
97025,3,1,789,330,2024-11-04 22:00:00,,2024,0,0,,0,1709,2160,6,7,0,0,0,,2024-08-17 14:25:36,2024-11-05 15:08:41
97026,3,1,789,644,2024-11-05 21:00:00,,2024,0,0,,0,1922,2162,7,8,0,0,0,,2024-08-17 14:25:36,2024-11-06 22:27:25
97027,3,1,789,689,2024-11-07 21:00:00,,2024,0,0,,0,1595,964,7,3,0,0,0,,2024-08-17 14:25:36,2024-11-10 18:53:33
97028,0,0,789,593,2024-11-29 22:00:00,2024-11-08 22:00:00,2024,0,0,,0,2159,2161,0,0,0,0,0,,2024-08-17 14:25:36,2024-10-24 12:50:30
97029,3,1,789,593,2024-11-09 18:00:00,,2024,0,0,,0,1907,1922,9,6,0,0,0,,2024-08-17 14:25:36,2024-11-11 17:39:37
97030,3,1,789,330,2024-11-09 20:00:00,,2024,0,0,,0,1924,961,5,10,0,0,0,,2024-08-17 14:25:36,2024-11-10 20:05:17
97031,3,1,789,644,2024-11-13 20:00:00,,2024,0,0,,0,2161,964,5,2,0,0,0,,2024-08-17 14:25:36,2024-11-13 22:59:17
97032,3,1,789,689,2024-11-14 21:00:00,,2024,0,0,,0,1692,2159,4,6,0,0,0,,2024-08-17 14:25:36,2024-11-14 23:30:44
97033,3,1,789,644,2024-11-15 20:00:00,,2024,0,0,,0,961,2160,1,3,0,0,0,,2024-08-17 14:25:36,2024-11-16 09:51:25
97034,3,1,789,330,2024-11-16 20:00:00,,2024,0,0,,0,1924,2162,10,5,0,0,0,,2024-08-17 14:25:36,2024-11-18 10:55:42
97035,3,1,789,644,2024-11-19 21:00:00,,2024,0,0,,0,1922,1595,4,9,0,0,0,,2024-08-17 14:25:36,2024-11-23 13:06:43
97036,3,1,789,593,2024-11-22 22:00:00,,2024,0,0,,0,2159,961,3,3,0,0,0,,2024-08-17 14:25:36,2024-11-23 01:22:36
97038,3,1,789,593,2024-11-23 19:00:00,,2024,0,0,,0,964,2161,3,5,0,0,0,,2024-08-17 14:25:36,2024-11-23 21:10:38
97039,0,1,789,644,2024-11-27 20:00:00,,2024,0,0,,0,2161,1709,0,0,0,0,0,,2024-08-17 14:25:36,2024-11-27 20:00:23
97040,0,0,789,689,2024-11-28 21:00:00,,2024,0,0,,0,1692,2162,0,0,0,0,0,,2024-08-17 14:25:36,2024-08-17 14:25:36
97041,0,0,789,644,2024-11-29 20:00:00,,2024,0,0,,0,961,964,0,0,0,0,0,,2024-08-17 14:25:36,2024-08-17 14:25:36
97042,0,0,789,330,2024-11-30 20:00:00,,2024,0,0,,0,1924,1907,0,0,0,0,0,,2024-08-17 14:25:36,2024-08-17 14:25:36
97043,0,0,789,644,2024-12-03 21:00:00,,2024,0,0,,0,1922,2158,0,0,0,0,0,,2024-08-17 14:25:36,2024-08-17 14:25:36
97044,0,0,789,689,2024-12-05 21:00:00,,2024,0,0,,0,1595,1709,0,0,0,0,0,,2024-08-17 14:25:36,2024-08-17 14:25:36
97045,0,0,789,593,2024-12-06 22:00:00,,2024,0,0,,0,2159,2162,0,0,0,0,0,,2024-08-17 14:25:36,2024-08-17 14:25:36
97046,0,0,789,593,2024-12-07 18:00:00,,2024,0,0,,0,1907,1924,0,0,0,0,0,,2024-08-17 14:25:36,2024-08-17 14:25:36
97047,0,0,789,593,2024-12-07 19:00:00,,2024,0,0,,0,964,2160,0,0,0,0,0,,2024-08-17 14:25:36,2024-08-17 14:25:36
97048,0,0,789,644,2024-12-11 20:00:00,,2024,0,0,,0,2161,2158,0,0,0,0,0,,2024-08-17 14:25:36,2024-08-17 14:25:36
97049,0,0,789,689,2024-12-12 21:00:00,,2024,0,0,,0,1692,961,0,0,0,0,0,,2024-08-17 14:25:36,2024-08-17 14:25:36
97050,0,0,789,330,2024-12-14 20:00:00,,2024,0,0,,0,1924,964,0,0,0,0,0,,2024-08-17 14:25:36,2024-08-17 14:25:36
97051,0,0,789,330,2024-12-16 22:00:00,,2024,0,0,,0,1709,1922,0,0,0,0,0,,2024-08-17 14:25:36,2024-08-17 14:25:36
97052,0,0,789,689,2024-12-19 21:00:00,,2024,0,0,,0,1595,2162,0,0,0,0,0,,2024-08-17 14:25:36,2024-08-17 14:25:36
97053,0,0,789,593,2024-12-20 22:00:00,,2024,0,0,,0,2159,2158,0,0,0,0,0,,2024-08-17 14:25:36,2024-08-17 14:25:36
97054,0,0,789,324,2024-12-21 18:00:00,,2024,0,0,,0,2160,1692,0,0,0,0,0,,2024-08-17 14:25:36,2024-08-17 14:25:36
97055,0,0,789,593,2024-12-21 19:00:00,,2024,0,0,,0,964,1907,0,0,0,0,0,,2024-08-17 14:25:36,2024-08-17 14:25:36
97056,0,0,789,330,2024-12-23 22:00:00,,2024,0,0,,0,1709,2161,0,0,0,0,0,,2024-08-17 14:25:36,2024-08-17 14:25:36
97057,0,0,789,644,2024-12-27 20:00:00,,2024,0,0,,0,961,1692,0,0,0,0,0,,2024-08-17 14:25:36,2024-08-17 14:25:36
97058,0,0,789,330,2024-12-30 22:00:00,,2024,0,0,,0,1709,2162,0,0,0,0,0,,2024-08-17 14:25:36,2024-08-17 14:25:36
97059,0,0,789,689,2025-01-16 21:00:00,2025-01-02 21:00:00,2024,0,0,,0,1595,2160,0,0,0,0,0,,2024-08-17 14:25:36,2024-09-30 22:00:19
97060,0,0,789,593,2025-01-04 18:00:00,,2024,0,0,,0,1907,961,0,0,0,0,0,,2024-08-17 14:25:36,2024-08-17 14:25:36
97061,0,0,789,593,2025-01-04 19:00:00,,2024,0,0,,0,964,2159,0,0,0,0,0,,2024-08-17 14:25:36,2024-08-17 14:25:36
97062,0,0,789,644,2025-01-08 20:00:00,,2024,0,0,,0,2161,2162,0,0,0,0,0,,2024-08-17 14:25:36,2024-08-17 14:25:36
97063,0,0,789,689,2025-01-09 21:00:00,,2024,0,0,,0,1692,2160,0,0,0,0,0,,2024-08-17 14:25:36,2024-08-17 14:25:36
97064,0,0,789,644,2025-01-10 20:00:00,,2024,0,0,,0,961,1709,0,0,0,0,0,,2024-08-17 14:25:36,2024-08-17 14:25:36
97065,0,0,789,593,2025-01-17 22:00:00,,2024,0,0,,0,2159,1922,0,0,0,0,0,,2024-08-17 14:25:36,2024-08-17 14:25:36
97066,0,0,789,593,2025-01-18 18:00:00,,2024,0,0,,0,1907,2158,0,0,0,0,0,,2024-08-17 14:25:36,2024-08-17 14:25:36
97067,0,0,789,593,2025-01-18 19:00:00,,2024,0,0,,0,964,1595,0,0,0,0,0,,2024-08-17 14:25:36,2024-08-17 14:25:36
97068,0,0,789,330,2025-01-20 22:00:00,,2024,0,0,,0,1709,1692,0,0,0,0,0,,2024-08-17 14:25:36,2024-08-17 14:25:36
97069,0,0,789,644,2025-01-22 20:00:00,,2024,0,0,,0,2161,961,0,0,0,0,0,,2024-08-17 14:25:36,2024-08-17 14:25:36
97070,0,0,789,644,2025-01-28 21:00:00,,2024,0,0,,0,1922,2160,0,0,0,0,0,,2024-08-17 14:25:36,2024-08-17 14:25:36
97071,0,0,789,689,2025-01-30 21:00:00,,2024,0,0,,0,1595,1907,0,0,0,0,0,,2024-08-17 14:25:36,2024-08-17 14:25:36
97072,0,0,789,593,2025-01-31 22:00:00,,2024,0,0,,0,2159,1709,0,0,0,0,0,,2024-08-17 14:25:36,2024-08-17 14:25:36
97073,0,0,789,593,2025-02-01 19:00:00,,2024,0,0,,0,964,1924,0,0,0,0,0,,2024-08-17 14:25:36,2024-08-17 14:25:36
97074,0,0,789,644,2025-02-05 20:00:00,,2024,0,0,,0,2161,2160,0,0,0,0,0,,2024-08-17 14:25:36,2024-08-17 14:25:36
97075,0,0,789,689,2025-02-06 21:00:00,,2024,0,0,,0,1692,1922,0,0,0,0,0,,2024-08-17 14:25:36,2024-08-17 14:25:36
97076,0,0,789,644,2025-02-07 20:00:00,,2024,0,0,,0,961,2159,0,0,0,0,0,,2024-08-17 14:25:36,2024-08-17 14:25:36
97077,0,0,789,330,2025-02-10 22:00:00,,2024,0,0,,0,1709,1924,0,0,0,0,0,,2024-08-17 14:25:36,2024-08-17 14:25:36
97078,0,0,789,689,2025-02-13 21:00:00,,2024,0,0,,0,1595,2161,0,0,0,0,0,,2024-08-17 14:25:36,2024-08-17 14:25:36
97079,0,0,789,593,2025-02-14 22:00:00,,2024,0,0,,0,2159,2160,0,0,0,0,0,,2024-08-17 14:25:36,2024-08-17 14:25:36
97080,0,0,789,593,2025-02-15 18:00:00,,2024,0,0,,0,1907,2162,0,0,0,0,0,,2024-08-17 14:25:36,2024-08-17 14:25:36
97081,0,0,789,593,2025-02-15 19:00:00,,2024,0,0,,0,964,1922,0,0,0,0,0,,2024-08-17 14:25:36,2024-08-17 14:25:36
97082,0,0,789,330,2025-02-17 22:00:00,,2024,0,0,,0,1709,2158,0,0,0,0,0,,2024-08-17 14:25:36,2024-08-17 14:25:36
97083,0,0,789,689,2025-02-20 21:00:00,,2024,0,0,,0,1692,2161,0,0,0,0,0,,2024-08-17 14:25:36,2024-08-17 14:25:36
97084,0,0,789,330,2025-02-22 20:00:00,,2024,0,0,,0,1924,1595,0,0,0,0,0,,2024-08-17 14:25:36,2024-08-17 14:25:36
97085,0,0,789,644,2025-02-25 21:00:00,,2024,0,0,,0,1922,961,0,0,0,0,0,,2024-08-17 14:25:36,2024-08-17 14:25:36
97086,0,0,789,593,2025-02-28 22:00:00,,2024,0,0,,0,2159,1924,0,0,0,0,0,,2024-08-17 14:25:36,2024-08-17 14:25:36
97087,0,0,789,324,2025-03-01 18:00:00,,2024,0,0,,0,2160,2162,0,0,0,0,0,,2024-08-17 14:25:36,2024-08-17 14:25:36
97088,0,0,789,593,2025-03-01 18:00:00,,2024,0,0,,0,1907,1595,0,0,0,0,0,,2024-08-17 14:25:36,2024-08-17 14:25:36
97089,0,0,789,593,2025-03-01 19:00:00,,2024,0,0,,0,964,1709,0,0,0,0,0,,2024-08-17 14:25:36,2024-08-17 14:25:36
97090,0,0,789,644,2025-03-05 20:00:00,,2024,0,0,,0,2161,1692,0,0,0,0,0,,2024-08-17 14:25:36,2024-08-17 14:25:36
97091,0,0,789,644,2025-03-07 20:00:00,,2024,0,0,,0,961,1907,0,0,0,0,0,,2024-08-17 14:25:36,2024-08-17 14:25:36
97092,0,0,789,330,2025-03-08 20:00:00,,2024,0,0,,0,1924,2159,0,0,0,0,0,,2024-08-17 14:25:36,2024-08-17 14:25:36
97093,0,0,789,330,2025-03-10 22:00:00,,2024,0,0,,0,1709,964,0,0,0,0,0,,2024-08-17 14:25:36,2024-08-17 14:25:36
97094,0,0,789,644,2025-03-11 21:00:00,,2024,0,0,,0,1922,1692,0,0,0,0,0,,2024-08-17 14:25:36,2024-08-17 14:25:36
97095,0,0,789,689,2025-03-13 21:00:00,,2024,0,0,,0,1595,961,0,0,0,0,0,,2024-08-17 14:25:36,2024-08-17 14:25:36
97096,0,0,789,324,2025-03-15 18:00:00,,2024,0,0,,0,2160,1924,0,0,0,0,0,,2024-08-17 14:25:36,2024-08-17 14:25:36
97097,0,0,789,593,2025-03-15 18:00:00,,2024,0,0,,0,1907,2159,0,0,0,0,0,,2024-08-17 14:25:36,2024-08-17 14:25:36
97098,0,0,789,593,2025-03-15 19:00:00,,2024,0,0,,0,964,2162,0,0,0,0,0,,2024-08-17 14:25:36,2024-08-17 14:25:36
97099,0,0,789,644,2025-03-19 20:00:00,,2024,0,0,,0,2161,1595,0,0,0,0,0,,2024-08-17 14:25:36,2024-08-17 14:25:36
97100,0,0,789,689,2025-03-20 21:00:00,,2024,0,0,,0,1692,1709,0,0,0,0,0,,2024-08-17 14:25:36,2024-08-17 14:25:36
97101,0,0,789,644,2025-03-21 20:00:00,,2024,0,0,,0,961,2162,0,0,0,0,0,,2024-08-17 14:25:36,2024-08-17 14:25:36
97102,0,0,789,330,2025-03-22 20:00:00,,2024,0,0,,0,1924,2160,0,0,0,0,0,,2024-08-17 14:25:36,2024-08-17 14:25:36
97103,0,0,789,644,2025-03-25 21:00:00,,2024,0,0,,0,1922,1709,0,0,0,0,0,,2024-08-17 14:25:36,2024-08-17 14:25:36
97104,0,0,789,689,2025-03-27 21:00:00,,2024,0,0,,0,1595,2158,0,0,0,0,0,,2024-08-17 14:25:36,2024-08-17 14:25:36
97105,0,0,789,593,2025-03-28 22:00:00,,2024,0,0,,0,2159,964,0,0,0,0,0,,2024-08-17 14:25:37,2024-08-17 14:25:37
97106,0,0,789,324,2025-03-29 18:00:00,,2024,0,0,,0,2160,1907,0,0,0,0,0,,2024-08-17 14:25:37,2024-08-17 14:25:37
97107,0,0,789,644,2025-04-02 20:00:00,,2024,0,0,,0,2161,2159,0,0,0,0,0,,2024-08-17 14:25:37,2024-08-17 14:25:37
97108,0,0,789,689,2025-04-03 21:00:00,,2024,0,0,,0,1692,964,0,0,0,0,0,,2024-08-17 14:25:37,2024-08-17 14:25:37
97109,0,0,789,644,2025-04-04 20:00:00,,2024,0,0,,0,961,1595,0,0,0,0,0,,2024-08-17 14:25:37,2024-08-17 14:25:37
97110,0,0,789,330,2025-04-05 20:00:00,,2024,0,0,,0,1924,1922,0,0,0,0,0,,2024-08-17 14:25:37,2024-08-17 14:25:37
97111,0,0,789,330,2025-04-07 22:00:00,,2024,0,0,,0,1709,2159,0,0,0,0,0,,2024-08-17 14:25:37,2024-08-17 14:25:37
97112,0,0,789,324,2025-04-12 18:00:00,,2024,0,0,,0,2160,1595,0,0,0,0,0,,2024-08-17 14:25:37,2024-08-17 14:25:37
97113,0,0,789,593,2025-04-12 18:00:00,,2024,0,0,,0,1907,1692,0,0,0,0,0,,2024-08-17 14:25:37,2024-08-17 14:25:37
97114,0,0,789,593,2025-04-12 19:00:00,,2024,0,0,,0,964,961,0,0,0,0,0,,2024-08-17 14:25:37,2024-08-17 14:25:37
97115,0,0,789,644,2025-04-18 20:00:00,,2024,0,0,,0,961,2161,0,0,0,0,0,,2024-08-17 14:25:37,2024-08-17 14:25:37
97116,0,0,789,644,2025-04-22 21:00:00,,2024,0,0,,0,1922,1907,0,0,0,0,0,,2024-08-17 14:25:37,2024-08-17 14:25:37
97117,0,0,789,689,2025-04-24 21:00:00,,2024,0,0,,0,1595,2159,0,0,0,0,0,,2024-08-17 14:25:37,2024-08-17 14:25:37
97118,0,0,789,324,2025-04-26 18:00:00,,2024,0,0,,0,2160,964,0,0,0,0,0,,2024-08-17 14:25:37,2024-08-17 14:25:37
97119,0,0,789,330,2025-04-26 20:00:00,,2024,0,0,,0,1924,1692,0,0,0,0,0,,2024-08-17 14:25:37,2024-08-17 14:25:37
97120,0,0,789,644,2025-04-30 20:00:00,,2024,0,0,,0,2161,1907,0,0,0,0,0,,2024-08-17 14:25:37,2024-08-17 14:25:37
97121,0,0,789,644,2025-05-02 20:00:00,,2024,0,0,,0,961,2158,0,0,0,0,0,,2024-08-17 14:25:37,2024-08-17 14:25:37
97122,0,0,789,644,2025-05-06 21:00:00,,2024,0,0,,0,1922,2161,0,0,0,0,0,,2024-08-17 14:25:37,2024-08-17 14:25:37
97123,0,0,789,689,2025-05-08 21:00:00,,2024,0,0,,0,1595,1924,0,0,0,0,0,,2024-08-17 14:25:37,2024-08-17 14:25:37
97124,0,0,789,593,2025-05-09 22:00:00,,2024,0,0,,0,2159,1907,0,0,0,0,0,,2024-08-17 14:25:37,2024-08-17 14:25:37
97125,0,0,789,324,2025-05-10 18:00:00,,2024,0,0,,0,2160,961,0,0,0,0,0,,2024-08-17 14:25:37,2024-08-17 14:25:37
97126,0,0,789,324,2025-05-24 18:00:00,,2024,0,0,,0,2160,1922,0,0,0,0,0,,2024-08-17 14:25:37,2024-08-17 14:25:37
97127,0,0,789,644,2025-01-30 22:00:00,,2024,0,0,,0,2162,1692,0,0,0,0,0,,2024-08-17 14:25:37,2024-08-26 11:33:41
97128,0,0,789,644,2025-05-22 22:00:00,,2024,0,0,,0,2162,1922,0,0,0,0,0,,2024-08-17 14:25:37,2024-08-26 11:35:24
97129,3,1,789,644,2024-11-21 22:00:00,,2024,0,0,,0,2162,1595,3,1,0,0,0,,2024-08-17 14:25:37,2024-11-22 15:31:42
97130,0,0,789,644,2025-01-16 22:00:00,,2024,0,0,,0,2162,2160,0,0,0,0,0,,2024-08-17 14:25:37,2024-08-26 11:33:23
97132,3,1,789,644,2024-10-24 22:00:00,,2024,0,0,,0,2162,961,2,3,0,0,0,,2024-08-17 14:25:37,2024-10-26 22:36:00
97133,3,1,789,644,2024-10-10 22:00:00,,2024,0,0,,0,2162,964,8,5,0,0,0,,2024-08-17 14:25:37,2024-10-12 13:09:44
97134,3,1,789,644,2024-09-12 22:00:00,,2024,0,0,,0,2162,1907,4,6,0,0,0,,2024-08-17 14:25:37,2024-09-23 21:26:52
97135,0,0,789,644,2025-04-10 22:00:00,,2024,0,0,,0,2162,2161,0,0,0,0,0,,2024-08-17 14:25:37,2024-08-26 11:34:16
97136,0,0,789,644,2025-03-27 22:00:00,,2024,0,0,,0,2162,1924,0,0,0,0,0,,2024-08-17 14:25:37,2024-08-26 11:33:56
97137,0,0,789,644,2025-05-08 22:00:00,,2024,0,0,,0,2162,2158,0,0,0,0,0,,2024-08-17 14:25:37,2024-08-26 11:35:05
97138,0,0,789,644,2025-04-24 22:00:00,,2024,0,0,,0,2162,1709,0,0,0,0,0,,2024-08-17 14:25:37,2024-08-26 11:34:46
97139,0,0,789,312,2025-02-25 22:00:00,,2024,0,0,,0,2158,2160,0,0,0,0,0,,2024-08-17 14:25:37,2024-08-23 12:47:43
97140,3,1,789,312,2024-10-08 22:00:00,,2024,0,0,,0,2158,1595,2,9,0,0,0,,2024-08-17 14:25:37,2024-10-09 02:29:35
97141,0,0,789,312,2025-03-11 22:00:00,,2024,0,0,,0,2158,2161,0,0,0,0,0,,2024-08-17 14:25:37,2024-08-23 12:48:17
97142,3,1,789,312,2024-11-19 22:00:00,,2024,0,0,,0,2158,1709,12,2,0,0,0,,2024-08-17 14:25:37,2024-11-19 23:43:07
97143,0,0,789,312,2025-04-22 22:00:00,,2024,0,0,,0,2158,1924,0,0,0,0,0,,2024-08-17 14:25:37,2024-08-23 12:48:46
97144,3,1,789,312,2024-10-22 22:00:00,,2024,0,0,,0,2158,2159,6,2,0,0,0,,2024-08-17 14:25:37,2024-10-23 12:37:09
97145,0,0,789,312,2025-01-14 22:00:00,,2024,0,0,,0,2158,964,0,0,0,0,0,,2024-08-17 14:25:37,2024-08-23 12:47:06
97146,3,1,789,312,2024-11-05 22:00:00,,2024,0,0,,0,2158,1907,6,5,0,0,0,,2024-08-17 14:25:37,2024-11-06 00:18:17
97147,0,0,789,312,2025-01-28 22:00:00,,2024,0,0,,0,2158,961,0,0,0,0,0,,2024-08-17 14:25:37,2024-08-23 12:47:18
97148,0,0,789,312,2025-02-11 22:00:00,,2024,0,0,,0,2158,1922,0,0,0,0,0,,2024-08-17 14:25:37,2024-08-23 12:47:31
97149,0,0,789,312,2025-04-08 22:00:00,,2024,0,0,,0,2158,2162,0,0,0,0,0,,2024-08-17 14:25:37,2024-08-23 12:48:33
97150,3,1,789,312,2024-09-10 22:00:00,,2024,0,0,,0,2158,1692,4,4,0,0,0,,2024-08-17 14:25:37,2024-09-11 00:23:54
